"","iso3c","Country","ncells","broiler_cells","salmon_cells","prop_broiler","X","salmon_cpi","variance_chi","chicken_cpi","broiler_cpi_cell","salmon_cpi_cell","broiler_count","broiler_slaughter_wt_tonnes","broiler_carcass_wt_tonnes","broiler_protein_tonnes","broiler_kcal","year","fao_tonnes_production","salmon_edible_wt_tonnes","salmon_protein_tonnes","salmon_kcal"
"1","ABW","Aruba",319,121,121,0.379310344827586,1,0.00000404397893387083,0.000000000000536306831890597,0.0000456151313268997,0.000000376984556420659,0.0000000334213135030647,0,0,0,0,0,NA,NA,NA,NA,NA
"2","AFG","Afghanistan",11131,10859,8016,0.975563740903782,2,0.00000126185572393286,0.0000000000000746915874917471,0.000752715460146573,0.0000000693171986505731,0.000000000157417131229149,2530673,12167.5825226162,8882.33524150984,1652.11435492083,19097020769.2462,NA,NA,NA,NA,NA
"3","AGO","Angola",32536,29852,13202,0.917506761740841,3,0.00054050866182982,0.0000000171186817032455,0.00365732218685964,0.000000122515147623598,0.0000000409414226503424,34800000,49685.3085458948,36270.2752385032,6746.2711943616,77981091762.7819,NA,NA,NA,NA,NA
"4","AIA","Anguilla",1885,311,311,0.16498673740053,4,0.00000106125992426877,0.000000000000066659456147473,0.00000564762191706661,0.0000000181595560034296,0.00000000341241133205392,419687.311522765,2037.80129733344,1487.59494705341,276.692660151934,3198329136.16483,NA,NA,NA,NA,NA
"5","ALA","Åland",1,0,0,0,5,0.000000533861226092878,0.0000000000000148816961597601,0.00000208970712205028,Inf,Inf,7803.89864825972,37.8920075805525,27.6611655338033,5.14497678928742,59471505.8976771,NA,NA,NA,NA,NA
"6","ALB","Albania",642,642,638,1,6,0.00000185403111238122,0.000000000000162508964068371,0.000796630481572745,0.00000124085744793262,0.00000000290600487834047,2844000,12304.7702822464,8982.48230603986,1670.74170892341,19312336957.9857,NA,NA,NA,NA,NA
"7","AND","Andorra",1,0,0,0,7,0.00000048917583438652,0.0000000000000126928196638653,0.00000805854825442963,Inf,Inf,943.875098567028,4.58300703302602,3.34559513410899,0.622280694944273,7193029.53833434,NA,NA,NA,NA,NA
"8","ARE","United Arab Emirates",1571,1571,1052,1,8,0.0000739759593600167,0.000000000317520172817701,0.00110347511674038,0.000000702403002380891,0.0000000703193530038182,18803863,59872.6258989301,43707.0169062189,8129.50514455672,93970086348.3707,NA,NA,NA,NA,NA
"9","ARG","Argentina",68061,61040,44433,0.896842538311221,9,0.00253280446308371,0.00000011969324427678,0.11511767798852,0.00000188593836809502,0.000000057002778634882,68000000,2661400.91326076,1942822.66668036,361365.016002546,4177068733362.77,NA,NA,NA,NA,NA
"10","ARM","Armenia",452,440,419,0.973451327433628,10,0.0000053521622280985,0.00000000000108341190284785,0.000189507513095405,0.000000430698893398648,0.0000000127736568689702,1210800,3463.08123664961,2528.04930275421,470.217170312284,5435306000.92156,NA,NA,NA,NA,NA
"11","ASM","American Samoa",6289,5518,5518,0.877404992844649,11,0.00000194573168535986,0.000000000000194190657604294,0.0000134510659258643,0.00000000243767051936649,0.000000000352615383356263,31739,154.109437193594,112.499889151324,20.9249793821462,241874761.675346,NA,NA,NA,NA,NA
"12","ATG","Antigua and Barbuda",1591,388,388,0.2438717787555,12,0.00000038940816475706,0.00000000000000828027183578999,0.00000953714407552855,0.0000000245802682358983,0.00000000100362929061098,99768,34.2482591128677,25.0012291523934,4.65022862234517,53752642.6776458,NA,NA,NA,NA,NA
"13","AUS","Australia",247084,191099,110442,0.773417137491703,13,0.0019035089853959,0.0000000502200855530284,0.0573290592921218,0.000000299996647246306,0.0000000172353722804359,74424000,1566864.29155021,1143810.93283165,212748.833506687,2459193505588.05,2016,56115.19,28057.595,5566.626848,39841784900
"14","AUT","Austria",1276,1263,853,0.989811912225705,14,0.00000946463883610587,0.00000000000106443061423557,0.00252201359747004,0.00000199684370346005,0.0000000110957078969588,9922000,151164.660564393,110350.202212007,20525.1376114332,237252934755.814,NA,NA,NA,NA,NA
"15","AZE","Azerbaijan",1662,1563,1314,0.94043321299639,15,0.00000376003683816112,0.000000000000308706122560969,0.00396037973504261,0.00000253383220412195,0.00000000286151966374514,12609000,113120.987767423,82578.3210702185,15359.5677190606,177543390300.97,NA,NA,NA,NA,NA
"16","BDI","Burundi",411,395,1,0.961070559610706,16,0.0000203030725685619,0.0000000000080794199208754,0.000275050387385128,0.000000696330094645894,0.0000203030725685619,1076675,4367.96450880493,3188.6140914276,593.082221005533,6855520296.56933,NA,NA,NA,NA,NA
"17","BEL","Belgium",404,404,401,1,17,0.000213500678486323,0.00000000115533331504688,0.00408176735191123,0.0000101033845344337,0.000000532420644604297,17335000,587929.523884089,429188.552435385,79829.0707529816,922755387736.077,NA,NA,NA,NA,NA
"18","BEN","Benin",2428,2046,1986,0.842668863261944,18,0.0000160932131179544,0.00000000000556393749519461,0.000826931119909528,0.000000404169657824794,0.00000000810332986805357,2442133,13732.9416395768,10025.0473968911,1864.65881582174,21553851903.3158,NA,NA,NA,NA,NA
"19","BES","Bonaire, Sint Eustatius and Saba",230,170,169,0.739130434782609,19,0.00000808606060459386,0.00000000000151933916194953,0.000375393145185769,0.00000220819497168099,0.0000000478465124532181,86135,418.230453784626,305.308231262777,56.7873310148765,656412697.21497,NA,NA,NA,NA,NA
"20","BFA","Burkina Faso",5313,5203,4839,0.979296066252588,20,0.0000116708203215834,0.00000000000205401096486839,0.00316475211201716,0.000000608255258892401,0.00000000241182482363782,26500000,9966.26948856564,7275.37672665292,1353.22007115744,15642059962.3038,NA,NA,NA,NA,NA
"21","BGD","Bangladesh",4043,3751,3636,0.927776403660648,21,0.000172043780457713,0.0000000012470028088483,0.00348228242228418,0.000000928361082986985,0.0000000473167713030014,23393000,163120.604545946,119078.04131854,22148.5156852485,256017788834.862,NA,NA,NA,NA,NA
"22","BGR","Bulgaria",2640,2482,2426,0.940151515151515,22,0.0000586817379344489,0.0000000000784283559525095,0.00317511123175382,0.0000012792551296349,0.0000000241886801048841,8352000,102552.431765301,74863.2751886696,13924.5691850925,160956041655.64,NA,NA,NA,NA,NA
"23","BHR","Bahrain",90,90,90,1,23,0.00000861255714253642,0.00000000000295112668906017,0.0000919938363947646,0.00000102215373771961,0.0000000956950793615158,267924,8820.78431439105,6439.17254950547,1197.68609420802,13844220981.4368,NA,NA,NA,NA,NA
"24","BHS","Bahamas",13097,1713,1449,0.130793311445369,24,0.00000209242114840737,0.000000000000199694909013178,0.000310546741096219,0.000000181288231813321,0.00000000144404496094366,2917714,8316.29044203542,6070.89202268586,1129.18591621957,13052417848.7746,NA,NA,NA,NA,NA
"25","BIH","Bosnia and Herzegovina",689,689,609,1,25,0.000016757646470244,0.0000000000125402567463348,0.00142139744084778,0.00000206298612604903,0.0000000275166608706798,11291000,71782.6815821158,52401.3575549445,9746.65250521968,112662918743.131,NA,NA,NA,NA,NA
"26","BLM","Saint-Barthélemy",4,4,4,1,26,0.0000153431343407317,0.00000000000960249756818131,0.000355811725902189,0.0000889529314755472,0.00000383578358518293,0,0,0,0,0,NA,NA,NA,NA,NA
"27","BLR","Belarus",2763,2753,2725,0.996380745566413,27,0.000175871307951452,0.000000000591288076105882,0.00785281630294702,0.00000285245779257066,0.0000000645399295234686,26155201,561138.252797607,409630.924542253,76191.351964859,880706487765.843,NA,NA,NA,NA,NA
"28","BLZ","Belize",754,343,165,0.454907161803714,28,0.0000460638342804584,0.0000000000497701410503828,0.00038785994401847,0.0000011307870088002,0.000000279174753214899,859214,25002.9773084478,18252.1734351669,3394.90425894104,39242172885.6088,NA,NA,NA,NA,NA
"29","BMU","Bermuda",10022,10022,10022,1,29,0.00000950835244275911,0.00000000000277378366548674,0.000244917924396622,0.0000000244380287763542,0.000000000948747998678818,20513,99.6013385787894,72.7089771625163,13.523869752228,156324300.89941,NA,NA,NA,NA,NA
"30","BOL","Bolivia",15520,13205,8825,0.850837628865979,30,0.000220280454075561,0.00000000133821751053409,0.0198037061374304,0.00000149971269499662,0.0000000249609579689021,179026531,689592.246289187,503402.339791107,93632.8352011459,1082315030550.88,NA,NA,NA,NA,NA
"31","BRA","Brazil",287253,267260,206225,0.930399334384671,31,0.0026383299780159,0.000000152671767617377,0.313010341996621,0.00000117118290053364,0.0000000127934536453674,1025749079,17644222.9245546,12880282.7349249,2395732.58869602,27692607880088.5,NA,NA,NA,NA,NA
"32","BRB","Barbados",3629,1229,1229,0.338660788095894,32,0.00000261278693162275,0.000000000000233149273580865,0.000262253055398886,0.00000021338735182985,0.00000000212594542849695,2757064,19738.3199852362,14408.9735892224,2680.06908759537,30979293216.8281,NA,NA,NA,NA,NA
"33","BRN","Brunei",512,380,339,0.7421875,33,0.0000148222027311578,0.00000000000804491565938593,0.000576145228244152,0.00000151617165327408,0.0000000437233118913209,15463350,31620.8992616401,23083.2564609973,4293.48570174549,49629001391.1441,NA,NA,NA,NA,NA
"34","BTN","Bhutan",543,485,0,0.893186003683241,34,0.00000661569386569211,0.000000000000999842474571572,0.000320321792736628,0.000000660457304611604,Inf,158000,1120.41360466523,817.90193140562,152.129759241445,1758489152.52208,NA,NA,NA,NA,NA
"35","BWA","Botswana",8843,8041,0,0.909306796336085,35,0.00000617959901816479,0.000000000000910653783868132,0.000570975620960611,0.0000000710080364333554,Inf,200000,4747.63645116644,3465.7746093515,644.634077339379,7451415410.10572,NA,NA,NA,NA,NA
"36","CAF","Central African Republic",9880,9398,5989,0.951214574898785,36,0.00000462972830413582,0.000000000000371176718524582,0.000641752486952478,0.0000000682860701162458,0.000000000773038621495378,6642478,6996.86449245231,5107.71107949019,950.034260785175,10981578820.9039,NA,NA,NA,NA,NA
"37","CAN","Canada",297068,101783,56853,0.342625257516798,37,0.00481935260896749,0.00000031377746402022,0.0505170447542494,0.000000496321043339746,0.000000084768659683174,139608325,1516520.55232449,1107060.00319688,205913.160594619,2380179006873.28,2016,123522,61761,12253.3824,87700620000
"38","CCK","Cocos Islands",10920,10920,10920,1,38,0.0000318871228172303,0.0000000000241145458444542,0.00025889631799051,0.000000023708454028435,0.00000000292006619205406,0,0,0,0,0,NA,NA,NA,NA,NA
"39","CHE","Switzerland",501,488,277,0.974051896207585,39,0.0000171670853663032,0.0000000000166601311252323,0.00260992008219201,0.00000534819688973773,0.0000000619750374234773,7837000,112800.060594368,82344.0442338885,15315.9922275033,177039695102.86,NA,NA,NA,NA,NA
"40","CHL","Chile",76479,64311,59243,0.84089750127486,40,0.0230925856327524,0.0000148306797966251,0.0188055132350581,0.000000292415189237581,0.000000389794332372641,94900000,807776.350702902,589676.736013118,109679.87289844,1267804982428.2,2016,642701,321350.5,63755.9392,456317710000
"41","CHN","China",191144,175965,111536,0.920588666136525,41,0.00238184811272969,0.000000191116626871132,0.699989102516509,0.00000397800188967413,0.0000000213549716031567,1975356882,12928866.5861305,9438072.60787529,1755481.5050648,20291856106931.9,NA,NA,NA,NA,NA
"42","CIV","Côte d'Ivoire",7188,6896,6878,0.95937673900946,42,0.0000208822346395875,0.0000000000135024996406266,0.00249600859114356,0.000000361950201731955,0.00000000303609110782022,52035814,65663.31238809,47934.2180433057,8915.76455605486,103058568793.107,NA,NA,NA,NA,NA
"43","CMR","Cameroon",7925,6935,6501,0.875078864353312,43,0.00020287130589453,0.000000000838337858685214,0.00282346236682934,0.000000407132280725211,0.0000000312061691885141,46280000,90213.3492250754,65855.744934305,12249.1685577807,141589851608.756,NA,NA,NA,NA,NA
"44","COD","Democratic Republic of the Congo",41238,29162,22153,0.707163295989136,44,0.00000694811391368828,0.00000000000124342195511396,0.000816933593020679,0.0000000280136339421397,0.000000000313642121323897,16503160,6811.18662989402,4972.16623982264,924.822920607011,10690157415.6187,NA,NA,NA,NA,NA
"45","COG","Republic of Congo",5582,5360,630,0.96022930849158,45,0.000027868582761797,0.0000000000447187097715597,0.000469732177561305,0.0000000876366002912882,0.000000044235845653646,2421949,8614.85559114872,6288.84458153857,1169.72509216617,13521015850.3079,NA,NA,NA,NA,NA
"46","COK","Cook Islands",34265,2993,2993,0.08734860644973,46,0.000011379183831373,0.00000000000528561348106615,0.000288648342963805,0.0000000964411436564668,0.00000000380193245284764,13551,65.7971890548031,48.0319480100062,8.93394232986116,103268688.221513,NA,NA,NA,NA,NA
"47","COL","Colombia",28289,22681,17374,0.801760401569515,47,0.0000262666312232138,0.0000000000074532154061561,0.0112745167340189,0.000000497090813192492,0.00000000151183557172866,107203414,1867958.46536795,1363609.6797186,253631.40042766,2931760811394.99,NA,NA,NA,NA,NA
"48","COM","Comoros",2676,502,502,0.187593423019432,48,0.0000105970579900327,0.00000000000461692338111714,0.000276432416423137,0.000000550662184109835,0.0000000211096772709815,352464,488.129253751591,356.334355238661,66.278190074391,766118863.763122,NA,NA,NA,NA,NA
"49","CPV","Cape Verde",13285,1842,1833,0.138652615732029,49,0.0000135027293678258,0.00000000000216745403748251,0.000359487464313116,0.000000195161489855112,0.00000000736646446689896,741000,3597.94237248978,2626.49793191754,488.528615336663,5646970553.62272,NA,NA,NA,NA,NA
"50","CRI","Costa Rica",9111,8793,8740,0.965097135330919,50,0.00000880802535225625,0.00000000000361447602253004,0.00103491508324313,0.000000117697609830903,0.00000000100778322108195,21465335,162404.771514139,118555.483205321,22051.3198761898,254894288891.441,NA,NA,NA,NA,NA
"51","CUB","Cuba",7192,7190,6843,0.99972191323693,51,0.000013580665696967,0.00000000000937676623150554,0.00188548989993662,0.000000262237816402868,0.00000000198460699941064,21044000,102179.621169602,74591.1234538094,13873.9489624085,160370915425.69,NA,NA,NA,NA,NA
"52","CUW","Curaçao",298,103,99,0.345637583892617,52,0.00000932432146027091,0.00000000000360017440590471,0.000240664609249404,0.00000233654960436315,0.0000000941850652552617,69845.5668504981,339.136740218589,247.56982035957,46.0479865868801,532275113.773076,NA,NA,NA,NA,NA
"53","CXR","Christmas Island",6661,6161,6161,0.924936195766401,53,0.0000104961686283798,0.0000000000045995903589962,0.000387672841763034,0.000000062923687999194,0.00000000170364691257585,0,0,0,0,0,NA,NA,NA,NA,NA
"54","CYM","Cayman Islands",1452,149,147,0.102617079889807,54,0.000097630531606462,0.000000000454032883675555,0.000198138275499539,0.00000132978708388952,0.000000664153276234435,5140,24.9573870372436,18.2188925371878,3.38871401191693,39170618.9549538,NA,NA,NA,NA,NA
"55","CYP","Cyprus",1098,1098,1098,1,55,0.00000883362559439165,0.00000000000254189414574846,0.000712149994921265,0.00000064858833781536,0.00000000804519635190496,2021000,25445.9839500197,18575.5682835143,3455.05570073367,39937471809.5558,NA,NA,NA,NA,NA
"56","CZE","Czech Republic",703,694,647,0.987197724039829,56,0.0000126739820407953,0.0000000000027088636135167,0.00970134773739052,0.0000139788872296693,0.0000000195888439579526,16081000,189858.467893935,138596.681562572,25778.9827706385,297982865359.531,NA,NA,NA,NA,NA
"57","DEU","Germany",6538,6532,6315,0.999082288161517,57,0.00202329419659189,0.0000000826777666667396,0.0324501082107824,0.0000049678671480071,0.000000320394963830861,118251000,1235191.03476051,901689.45537517,167714.238699782,1938632329056.61,NA,NA,NA,NA,NA
"58","DJI","Djibouti",463,296,37,0.639308855291577,58,0.000091720774643309,0.000000000357449014512803,0.000236790491252093,0.000000799967875851666,0.00000247893985522457,29493.1758328667,143.204786812905,104.539494373421,19.4443459534563,224759912.902855,NA,NA,NA,NA,NA
"59","DMA","Dominica",942,902,902,0.957537154989384,59,0.0000311033541631679,0.0000000000510574584627118,0.000212433865768187,0.000000235514263601094,0.0000000344826542828912,149529,446.115253767961,325.664135250612,60.5735291566138,700177890.788815,NA,NA,NA,NA,NA
"60","DNK","Denmark",2375,2370,2370,0.997894736842105,60,0.00248798800732871,0.000000192997597244711,0.00290944077093284,0.00000122761213963411,0.00000104978396933701,13254000,198983.481329958,145257.941370869,27017.9770949816,312304573947.368,NA,NA,NA,NA,NA
"61","DOM","Dominican Republic",6416,3079,3070,0.479894014962594,61,0.0000709850948144817,0.000000000136170768564258,0.00327794475219331,0.00000106461343039731,0.0000000231221807213295,166100000,422340.325848072,308308.437869093,57345.3694436512,662863141418.549,NA,NA,NA,NA,NA
"62","DZA","Algeria",50835,38731,8012,0.761896331267827,62,0.0000386366150911001,0.0000000000747663779813791,0.00406496014550477,0.000000104953658452009,0.00000000482234337133052,110630486,303626.457827922,221647.314214383,41226.4004438753,476541725560.924,NA,NA,NA,NA,NA
"63","ECU","Ecuador",29135,28547,26722,0.979818088210057,63,0.000593503563825055,0.0000000199369032755105,0.0269025504013218,0.000000942395011781336,0.0000000222102972765906,149700000,415275.03988533,303150.779116291,56386.0449156301,651774175100.026,NA,NA,NA,NA,NA
"64","EGY","Egypt",23140,18026,6899,0.778997407087295,64,0.0000863038839791216,0.000000000220619720382477,0.0315768154546028,0.00000175173723813396,0.00000001250962226107,115901957,562764.591288514,410818.151640615,76412.1762051544,883259026027.323,NA,NA,NA,NA,NA
"65","ERI","Eritrea",3805,3725,2188,0.978975032851511,65,0.0000486322699523993,0.000000000127873676719108,0.000733126473294142,0.000000196812476052119,0.0000000222268144206578,742000,725.728629409521,529.781899468951,98.5394333012248,1139031083.85824,NA,NA,NA,NA,NA
"66","ESH","Western Sahara",5638,750,722,0.133025895707698,66,0.0000960542417503542,0.000000000607048854850285,0.0000430790581201682,0.0000000574387441602243,0.000000133039115997721,0,0,0,0,0,NA,NA,NA,NA,NA
"67","ESP","Spain",25200,23829,23670,0.945595238095238,67,0.00109630352778111,0.0000000393343058795962,0.0214381601819883,0.000000899666800200944,0.0000000463161608695019,89859985,1647785.57851465,1202883.47231569,223736.325850719,2586199465478.74,NA,NA,NA,NA,NA
"68","EST","Estonia",1293,1271,1249,0.982985305491106,68,0.000331227942119132,0.00000000337732770173365,0.00157567882236081,0.00000123971583191252,0.000000265194509302748,1404000,24560.1221665878,17928.8891816091,3334.77338777929,38547111740.4595,NA,NA,NA,NA,NA
"69","ETH","Ethiopia",23924,18901,12440,0.790043470991473,69,0.0000457775516802298,0.0000000000756592767895973,0.00473528539066406,0.000000250530944958683,0.00000000367986749841076,48483787,4801.29212195664,3504.94324902835,651.919444319273,7535627985.41095,NA,NA,NA,NA,NA
"70","FIN","Finland",8884,8562,6180,0.963755065285907,70,0.00182825159120008,0.0000000286969964578531,0.00181098232488664,0.000000211513936566998,0.000000295833590809074,4673000,148502.196233981,108406.603250806,20163.6282046499,233074196989.233,NA,NA,NA,NA,NA
"71","FJI","Fiji",28899,5756,5755,0.199176442091422,71,0.0000557035075795651,0.000000000166445224156518,0.000410555740819768,0.0000000713265706775135,0.00000000967914988350393,4554937,27494.2892430515,20070.8311474276,3733.17459342153,43152286966.9694,NA,NA,NA,NA,NA
"72","FLK","Falkland Islands",11607,8349,8349,0.719307314551564,72,0.0000439119215031788,0.000000000101342271646036,0.000203102999685197,0.0000000243266259055213,0.00000000525954264021785,3224,15.654205410131,11.4275699493956,2.12552801058759,24569275.3912006,NA,NA,NA,NA,NA
"73","FRA","France",17754,17561,17512,0.989129210318801,73,0.00428713739919013,0.000000812510999857952,0.0444260148556347,0.00000252981122120806,0.000000244811409273077,108074000,1388357.33416343,1013500.85393931,188511.158832711,2179026835969.51,NA,NA,NA,NA,NA
"74","FRO","Faroe Islands",5689,5689,5689,1,74,0.00436080671930156,0.000000546368367109277,0.000293491271749366,0.0000000515892550095563,0.000000766533084777915,0,0,0,0,0,2016,83300,41650,8263.36,59143000000
"75","FSM","Micronesia",62344,3812,3797,0.061144616963942,75,0.0000173138081207913,0.000000000012653839363401,0.000399998127573496,0.000000104931303141001,0.00000000455986518851496,98377,173.495736883456,126.651887924923,23.5572511540356,272301559.038583,NA,NA,NA,NA,NA
"76","GAB","Gabon",4992,4921,3776,0.985777243589744,76,0.0000632731275812155,0.00000000019243370392804,0.000610084299906774,0.000000123975675656731,0.00000001675665455011,2519558,4129.81837030129,3014.76741031994,560.746738319509,6481749932.18787,NA,NA,NA,NA,NA
"77","GBR","United Kingdom",10059,10049,9678,0.999005865394174,77,0.018276518526732,0.0000113087723786846,0.0284555727648931,0.00000283168203452016,0.00000188846027347923,108412357,2048177.02372851,1495169.22732181,278101.476281858,3214613838741.9,2016,163131.52,81565.76,16182.646784,115823379200
"78","GEO","Georgia",1346,1294,1184,0.961367013372957,78,0.0000666549747121457,0.000000000234963894812515,0.000858781641301373,0.000000663664328671849,0.0000000562964313447177,5440529,18914.1306579453,13807.3153803001,2568.16066073582,29685728067.6452,NA,NA,NA,NA,NA
"79","GGY","Guernsey",103,103,103,1,79,0.000123802508100049,0.00000000107239463311805,0.000248308722159963,0.00000241076429281517,0.00000120196609805873,0,0,0,0,0,NA,NA,NA,NA,NA
"80","GHA","Ghana",6746,6453,6438,0.956566854432256,80,0.0000933268944061683,0.000000000503249121394793,0.00255969167141717,0.00000039666692568064,0.0000000144962557325518,54027787,51950.4545004228,37923.8317853086,7053.83271206741,81536238338.4136,NA,NA,NA,NA,NA
"81","GIB","Gibraltar",1,0,0,0,81,0.0000284321696101408,0.0000000000396411868178752,0.000361874448281205,Inf,Inf,0,0,0,0,0,NA,NA,NA,NA,NA
"82","GIN","Guinea",5857,4976,4630,0.849581697114564,82,0.000193827149055504,0.0000000014797903661269,0.00112505284367747,0.000000226095828713318,0.0000000418633151307784,23216000,4551.06281457586,3322.27585464038,617.943308963111,7142893087.47682,NA,NA,NA,NA,NA
"83","GLP","Guadeloupe",50,38,10,0.76,83,0.0000331293916475693,0.0000000000680907676258115,0.000245598677799655,0.00000646312309999092,0.00000331293916475693,158034,767.337685417072,560.156510354463,104.18911092593,1204336497.26209,NA,NA,NA,NA,NA
"84","GMB","Gambia",355,346,346,0.974647887323944,84,0.0000569595315194604,0.000000000171038095577525,0.000330349187638405,0.000000954766438261286,0.000000164622923466649,1085744,1471.67700490836,1074.3242135831,199.824303726457,2309797059.20367,NA,NA,NA,NA,NA
"85","GNB","Guinea-Bissau",2448,1580,1579,0.645424836601307,85,0.0000747801872821702,0.000000000307293728925089,0.000350839979225283,0.000000222050619762837,0.0000000473592066384865,1730303,2833.68372731467,2068.58912093971,384.757576494785,4447466610.02037,NA,NA,NA,NA,NA
"86","GNQ","Equatorial Guinea",6425,2295,1996,0.357198443579767,86,0.0000559075124696318,0.000000000103495542521588,0.00037938755697599,0.000000165310482342479,0.0000000280097757863887,300000,238.059017933455,173.783083091422,32.3236534550045,373633628.646557,NA,NA,NA,NA,NA
"87","GRC","Greece",9488,9479,9456,0.999051433389545,87,0.00017841032961504,0.00000000128613169789981,0.00504663112828608,0.000000532401216192223,0.0000000188674206445685,22279711,187765.264244451,137068.642898449,25494.7675791116,294697582231.666,NA,NA,NA,NA,NA
"88","GRD","Grenada",362,362,362,1,88,0.000032086164688819,0.0000000000584734255189277,0.00023674205673079,0.000000653983582129254,0.0000000886358140575111,120912,524.5034801361,382.887540499353,71.2170825328796,823208212.073609,NA,NA,NA,NA,NA
"89","GRL","Greenland",68391,30575,30575,0.447061747890804,89,0.0014982157187917,0.00000015025287119199,0.000305243107131425,0.00000000998342132891006,0.0000000490013317675127,0,0,0,0,0,NA,NA,NA,NA,NA
"90","GTM","Guatemala",3951,2267,2117,0.573778790179701,90,0.0000446924650512555,0.00000000011044242959516,0.00336474652624789,0.00000148422872794349,0.0000000211112258154254,15927663,267733.78187629,195445.660769692,36352.8929031626,420208170654.837,NA,NA,NA,NA,NA
"91","GUF","French Guiana",4191,3809,2922,0.90885230255309,91,0.0000788795899324035,0.000000000390116710792286,0.000229954110891536,0.0000000603712551566122,0.000000026995068423136,128358.864442381,356.892512318931,260.531533992819,48.4588653226644,560142798.084562,NA,NA,NA,NA,NA
"92","GUM","Guam",13,13,13,1,92,0.0000363516763677925,0.0000000000599368141115771,0.000234293353124445,0.0000180225656249573,0.0000027962827975225,207489,1007.46756400207,735.45132172151,136.793945840201,1581220341.70125,NA,NA,NA,NA,NA
"93","GUY","Guyana",5451,4322,2473,0.792882039992662,93,0.0000279469222192046,0.0000000000432491569855509,0.000861427231552564,0.000000199312177591986,0.0000000113008177190476,26659970,43250.925827437,31573.175854029,5872.6107088494,67882328086.1624,NA,NA,NA,NA,NA
"94","HKG","Hong Kong",1,0,0,0,94,0.0000284454363886962,0.000000000045084577397207,0.000381968662910417,Inf,Inf,1235000,5996.57062081631,4377.4965531959,814.214358894438,9411617589.37119,NA,NA,NA,NA,NA
"95","HND","Honduras",5147,1840,1511,0.357489799883427,95,0.0000305175231949578,0.0000000000583337786932637,0.00467798991338014,0.00000254238582248921,0.0000000201969048279006,41148043,242879.136549391,177301.769681056,32978.1291606763,381198804814.27,NA,NA,NA,NA,NA
"96","HRV","Croatia",1199,1199,1187,1,96,0.0000458288275932845,0.00000000010660328981841,0.00178539747043557,0.0000014890721187953,0.0000000386089533220594,5723000,43726.1650832747,31920.1005107906,5937.13869500705,68628216098.1997,NA,NA,NA,NA,NA
"97","HTI","Haiti",2301,599,587,0.26032159930465,97,0.0000351793321590081,0.0000000000677087109155333,0.00109688054814668,0.00000183118622395105,0.000000059930719180593,5240213,9594.87308730972,7004.25735373609,1302.79186779491,15059153310.5326,NA,NA,NA,NA,NA
"98","HUN","Hungary",1428,1423,1290,0.996498599439776,98,0.0000610746351556273,0.000000000115473673407423,0.00645772180396703,0.00000453810386786158,0.000000047344678415215,20043000,401805.237845988,293317.823627571,54557.1151947282,630633320799.278,NA,NA,NA,NA,NA
"99","IDN","Indonesia",130219,113307,110151,0.870126479238821,99,0.00144134425878,0.000000109124320157543,0.145071586453426,0.00000128034090085719,0.0000000130851672593077,1926729000,2793220.05059808,2039050.6369366,379263.418470207,4383958869413.68,NA,NA,NA,NA,NA
"100","IMN","Isle of Man",1,1,1,1,100,0.000037924877780067,0.0000000000837181060570003,0.000354460345990136,0.000354460345990136,0.000037924877780067,13456.3828728899,65.3377734396981,47.6965746109796,8.87156287764221,102547635.413606,NA,NA,NA,NA,NA
"101","IND","India",79999,74557,72416,0.931974149676871,101,0.00171332600702108,0.0000000674300984660504,0.174514878183938,0.000002340690722319,0.0000000236594952361506,392608803,3984554.47300828,2908724.76529604,541022.806345064,6253758245386.49,NA,NA,NA,NA,NA
"102","IOT","British Indian Ocean Territory",14399,1901,1901,0.132023057156747,102,0.0000071803342558603,0.000000000000660148837477983,0.000235332769320245,0.000000123794197433059,0.00000000377713532659669,0,0,0,0,0,NA,NA,NA,NA,NA
"103","IRL","Ireland",8265,8022,8014,0.97059891107078,103,0.00253102279689126,0.000000271392547816495,0.00232657726880755,0.00000029002459097576,0.000000315825155589127,10904696,104911.363440488,76585.2953115562,14244.8649279495,164658384919.846,2016,16300,8150,1616.96,11573000000
"104","IRN","Iran",25556,25273,16477,0.988926279542964,104,0.0000928911424508308,0.000000000302775593681809,0.216495135147,0.00000856626182673209,0.00000000563762471632159,977938678,2790853.07802866,2037322.74696092,378942.030934732,4380243905965.99,NA,NA,NA,NA,NA
"105","IRQ","Iraq",7417,7310,2784,0.985573682081704,105,0.0000261682353375209,0.0000000000346908121317933,0.0196884825426962,0.00000269336286493792,0.00000000939950981951182,41253000,105588.286869506,77079.4494147393,14336.7775911415,165720816241.69,NA,NA,NA,NA,NA
"106","ISL","Iceland",17176,15907,14911,0.9261178388449,106,0.0140913585631018,0.0000132771070646667,0.000518430142682453,0.0000000325913209707961,0.000000945031088666206,265849.383116896,11654.2321069769,8507.58943809314,1582.41163548532,18291317291.9003,NA,NA,NA,NA,NA
"107","ISR","Israel",628,628,511,1,107,0.0000492669358237728,0.00000000011706530888856,0.00258635650372711,0.00000411840207599858,0.0000000964127902617863,32751000,704367.120319367,514187.997833138,95638.9675969637,1105504195341.25,NA,NA,NA,NA,NA
"108","ITA","Italy",11883,11838,11641,0.99621307750568,108,0.000550776220276369,0.0000000172624719569077,0.0151944347296493,0.00000128353055665225,0.0000000473134799653268,74131703,1301051.83267431,949767.837852249,176656.817840518,2042000851382.33,NA,NA,NA,NA,NA
"109","JAM","Jamaica",3345,555,547,0.165919282511211,109,0.0000193877977612537,0.0000000000172572378842762,0.000968516122176524,0.00000174507409401175,0.0000000354438715927856,12494499,206212.746251834,150535.304763839,27999.566686074,323650905242.254,NA,NA,NA,NA,NA
"110","JEY","Jersey",23,23,23,1,110,0.0000423656421936095,0.000000000111353405628088,0.00046854949928272,0.0000203717173601183,0.00000184198444320041,11883.1732721844,57.6990184016606,42.1202834332122,7.83437271857747,90558609.3814063,NA,NA,NA,NA,NA
"111","JOR","Jordan",996,987,297,0.990963855421687,111,0.0000307278500870151,0.0000000000464508876677903,0.00158797332505224,0.00000160888888049872,0.000000103460774703755,27098598,244994.152600874,178845.731398638,33265.3060401466,384518322507.071,NA,NA,NA,NA,NA
"112","JPN","Japan",60250,57986,57555,0.962423236514523,112,0.000889144551442383,0.0000000181371976030471,0.0195783895333222,0.000000337639939525441,0.0000000154486065753172,175559000,2556965.92752523,1866585.12709342,347184.833639376,4013158023250.85,2016,13208,6604,1310.2336,9377680000
"113","KAZ","Kazakhstan",45702,40699,18922,0.890529954925386,113,0.000161378866517818,0.000000000907401649724022,0.00877651797684776,0.000000215644560722567,0.00000000852863685222587,15458000,163268.562247409,119186.050440609,22168.6053819532,256250008447.309,NA,NA,NA,NA,NA
"114","KEN","Kenya",9519,5396,4828,0.56686626746507,114,0.0000271754654965047,0.000000000021881452817392,0.00230427256099036,0.000000427033462007109,0.00000000562872110532409,26389453,11928.5960302891,8707.87510211102,1619.66476899265,18721931469.5387,NA,NA,NA,NA,NA
"115","KGZ","Kyrgyzstan",2014,1926,1263,0.95630585898709,115,0.0000181750298249369,0.0000000000129827066851565,0.000650814742324789,0.00000033791004274392,0.0000000143903640735842,452000,5236.53796123314,3822.67271170019,711.017124376235,8218746330.15541,NA,NA,NA,NA,NA
"116","KHM","Cambodia",4293,3382,2709,0.787794083391568,116,0.0000110043223398545,0.00000000000331641335052196,0.00107650207050897,0.000000318303391634823,0.00000000406213449237892,8142096,18412.7752445082,13441.325928491,2500.08662269933,28898850746.2557,NA,NA,NA,NA,NA
"117","KIR","Kiribati",55418,55010,55010,0.992637771121296,117,0.0000327415319469996,0.0000000000511836744256208,0.000414949570443243,0.0000000075431661596663,0.000000000595192364061073,557944,1159.96609282124,846.775247759509,157.500196083269,1820566782.68294,NA,NA,NA,NA,NA
"118","KNA","Saint Kitts and Nevis",81,57,57,0.703703703703704,118,0.0000276148007370519,0.000000000045349942155254,0.000242628685346211,0.00000425664360256511,0.000000484470188369332,44773,148.743960169792,108.583090923948,20.1964549118544,233453645.486489,NA,NA,NA,NA,NA
"119","KOR","South Korea",6076,6066,6000,0.99835418038183,119,0.000136228913826799,0.000000000785933586873907,0.00935231334093631,0.0000015417595352681,0.0000000227048189711332,99104000,1006441.65683765,734702.409491486,136654.648165416,1579610180406.7,NA,NA,NA,NA,NA
"120","KWT","Kuwait",258,258,202,1,120,0.0000436287805620877,0.0000000000622643587102726,0.00161079007003614,0.00000624337236448116,0.000000215984062188553,40236000,62728.3343233402,45791.6840560383,8517.25323442313,98452120720.4824,NA,NA,NA,NA,NA
"121","LAO","Laos",2429,2292,1262,0.943598188554961,121,0.0000254177792792334,0.0000000000294805761447814,0.000998219799412674,0.000000435523472693139,0.0000000201408710611992,32439168,23907.78771668,17452.6850331764,3246.19941617081,37523272821.3293,NA,NA,NA,NA,NA
"122","LBN","Lebanon",290,290,290,1,122,0.0000448245580784435,0.0000000000423864633195362,0.00279242373122404,0.00000962904734904841,0.000000154567441649805,63840648,83639.3517924253,61056.7268084705,11356.5511863755,131271962638.212,NA,NA,NA,NA,NA
"123","LBR","Liberia",4627,4564,3680,0.986384266263237,123,0.0000392177727313324,0.0000000000574015972294481,0.000357949335717915,0.0000000784288640924441,0.0000000106570034596012,7185240,10983.4950414598,8017.95138026568,1491.33895672942,17238595467.5712,NA,NA,NA,NA,NA
"124","LBY","Libya",37662,33493,5336,0.889304869629866,124,0.0000489466932213668,0.0000000000842395346501948,0.00204251434617846,0.0000000609833202812068,0.0000000091729185197464,27087744,160046.001776374,116833.581296753,21731.0461211961,251192199788.019,NA,NA,NA,NA,NA
"125","LCA","Saint Lucia",306,277,277,0.905228758169935,125,0.0000224310767438379,0.0000000000286598121769474,0.000332979055687359,0.00000120209045374498,0.0000000809786164037469,369658,1638.42074124027,1196.0471411054,222.464768245604,2571501353.3766,NA,NA,NA,NA,NA
"126","LIE","Liechtenstein",1,0,0,0,126,0.0000460594098048454,0.000000000033684693721497,0.000423870693744995,Inf,Inf,0,0,0,0,0,NA,NA,NA,NA,NA
"127","LKA","Sri Lanka",11041,11033,11013,0.999275427950367,127,0.0000263060609351312,0.0000000000348585247907071,0.00183878140021435,0.000000166661959595246,0.00000000238863715019806,11582000,234688.737690533,171322.778514089,31866.0368036205,368343973805.291,NA,NA,NA,NA,NA
"128","LSO","Lesotho",274,270,125,0.985401459854015,128,0.0000275718883841028,0.00000000000845314169890768,0.000660993229376392,0.00000244812307176441,0.000000220575107072822,19842,96.343282800192,70.3305964441402,13.0814909386101,151210782.354901,NA,NA,NA,NA,NA
"129","LTU","Lithuania",1321,1317,1306,0.996971990915973,129,0.000419249096557414,0.00000000191679635815047,0.00430196296111878,0.00000326648668270219,0.000000321017684959735,5937000,132184.236173855,96494.4924069142,17947.975587686,207463158674.866,NA,NA,NA,NA,NA
"130","LUX","Luxembourg",12,12,12,1,130,0.0000258896916492792,0.0000000000275527889728907,0.000437792750960039,0.0000364827292466699,0.0000021574743041066,7558,36.6980410948418,26.7895699992345,4.98286001985762,57597575.4983542,NA,NA,NA,NA,NA
"131","LVA","Latvia",1060,1058,1047,0.99811320754717,131,0.000435002096847084,0.00000000216122073313738,0.00236092260451858,0.0000022314958454807,0.000000415474782088905,3869264.60128247,32388.2662212077,23643.4343414816,4397.67878751558,50833383834.1855,NA,NA,NA,NA,NA
"132","MAC","Macao",1,0,0,0,132,0.0000273071566608997,0.0000000000356997073727179,0.000425255039888164,Inf,Inf,662013,3214.41919546435,2346.52601268897,436.453838360149,5045030927.28129,NA,NA,NA,NA,NA
"133","MAF","Saint-Martin",24,18,18,0.75,133,0.0000155387896147698,0.0000000000131355801028288,0.000234289359984118,0.0000130160755546732,0.000000863266089709433,47182.2300403149,229.094392295019,167.238906375364,31.1064365858177,359563648.707033,NA,NA,NA,NA,NA
"134","MAR","Morocco",14763,14699,11659,0.995664837770101,134,0.00109130284765792,0.0000000754918023017566,0.014975004745416,0.00000101877711037594,0.0000000936017538088961,152986551,757215.278809506,552767.153530939,102814.690556755,1188449380091.52,NA,NA,NA,NA,NA
"135","MCO","Monaco",1,0,0,0,135,0.0000228697519782738,0.0000000000266798789080583,0.000539321383017373,Inf,Inf,0,0,0,0,0,NA,NA,NA,NA,NA
"136","MDA","Moldova",476,476,476,1,136,0.0000250280047911221,0.0000000000243173260936504,0.00364841400395977,0.00000766473530243649,0.0000000525798419981557,35086014,61630.2941716566,44990.1147453093,8368.16134262753,96728746702.415,NA,NA,NA,NA,NA
"137","MDG","Madagascar",37456,17237,16031,0.460193293464331,137,0.0000332288892207908,0.0000000000505570159774979,0.00246532353911771,0.000000143025093642612,0.00000000207278954655298,34164447,56063.0524605521,40926.028296203,7612.24126309376,87990960836.8365,NA,NA,NA,NA,NA
"138","MDV","Maldives",16736,1649,1649,0.0985301147227533,138,0.0000189049613335086,0.000000000011289724039818,0.000371859717384575,0.000000225506196109506,0.0000000114645005054631,0,0,0,0,0,NA,NA,NA,NA,NA
"139","MEX","Mexico",105257,102838,93385,0.9770181555621,139,0.00181204216640024,0.000000171376391112025,0.0960622647478944,0.000000934112533770536,0.0000000194039959993601,346458365,3897692.05094825,2845315.19719222,529228.626677753,6117427673963.28,NA,NA,NA,NA,NA
"140","MHL","Marshall Islands",42212,2915,2915,0.069056192551881,140,0.0000376309023751787,0.0000000000836458887424705,0.000407953170632455,0.000000139949629719539,0.0000000129094004717594,0,0,0,0,0,NA,NA,NA,NA,NA
"141","MKD","Macedonia",358,358,329,1,141,0.0000285058667285025,0.000000000032602777205038,0.00053806734615851,0.00000150298141385059,0.0000000866439718191565,513000,827.360466374147,603.973140453127,112.339004124282,1298542251.97422,NA,NA,NA,NA,NA
"142","MLI","Mali",23314,18258,7531,0.783134597237711,142,0.0000288711768676382,0.000000000023290521765799,0.00275622205350804,0.000000150959691834157,0.00000000383364451834261,48587000,35352.3619873949,25807.2242507983,4800.14371064848,55485532139.2163,NA,NA,NA,NA,NA
"143","MLT","Malta",747,747,747,1,143,0.0000364339793376437,0.0000000000488083480728392,0.000839622972525276,0.00000112399326977949,0.0000000487737340530705,704857,4502.95420916013,3287.1565726869,611.411122519763,7067386631.27683,NA,NA,NA,NA,NA
"144","MMR","Myanmar",23961,20245,17398,0.844914652977755,144,0.000196487144115525,0.00000000169693651903638,0.00646326521068856,0.000000319252418408919,0.000000011293662726493,217267000,1419594.32123114,1036303.85449873,192752.516936764,2228053287172.28,NA,NA,NA,NA,NA
"145","MNE","Montenegro",296,294,186,0.993243243243243,145,0.0000170825492068659,0.0000000000122031552712403,0.000610980789124511,0.0000020781659494031,0.0000000918416624025048,176000,854.572007500947,623.837565475692,116.033787178479,1341250765.77274,NA,NA,NA,NA,NA
"146","MNG","Mongolia",30411,8236,0,0.270823057446319,146,0.0000136600389103447,0.00000000000841145240500513,0.000548626514228888,0.0000000666132241657222,Inf,141300,256.339794423339,187.128049929038,34.805817286801,402325307.347431,NA,NA,NA,NA,NA
"147","MNP","Northern Mariana Islands",14,14,14,1,147,0.0000252648409697929,0.0000000000357748553792434,0.000459889864012134,0.0000328492760008667,0.00000180463149784235,0,0,0,0,0,NA,NA,NA,NA,NA
"148","MOZ","Mozambique",22651,14907,12376,0.658116639441967,148,0.0000324545125789649,0.000000000037723458278198,0.00198857508819429,0.000000133398744763822,0.00000000262237496597971,5566000,50087.8612348117,36564.1387014125,6800.92979846273,78612898208.0369,NA,NA,NA,NA,NA
"149","MRT","Mauritania",24351,22986,5581,0.943944807194776,149,0.000461162096881767,0.00000000943151262104774,0.000630041306646988,0.0000000274097845056551,0.0000000826307287012663,2903569,4492.12949025132,3279.25452788346,609.941342186324,7050397234.94944,NA,NA,NA,NA,NA
"150","MSR","Montserrat",133,100,100,0.75187969924812,150,0.0000183658046516968,0.0000000000167740452667601,0.000497061969277236,0.00000497061969277236,0.000000183658046516968,20416,99.1303528701099,72.3651575951802,13.4599193127035,155585088.829637,NA,NA,NA,NA,NA
"151","MTQ","Martinique",24,24,24,1,151,0.0000192102835817557,0.000000000018068792369229,0.000401454111454373,0.0000167272546439322,0.000000800428482573154,326617,1161.3092321685,847.755739483002,157.682567543838,1822674839.88845,NA,NA,NA,NA,NA
"152","MUS","Mauritius",30189,2525,2462,0.0836397363278015,152,0.0000256951014376549,0.0000000000306811828373815,0.000651548235873684,0.000000258038905296509,0.0000000104366780819069,14709765,71423.5988972567,52139.2271949974,9697.89625826951,112099338469.244,NA,NA,NA,NA,NA
"153","MWI","Malawi",2045,1760,1547,0.860635696821516,153,0.0000307758879409944,0.0000000000319161958761562,0.00155135145968475,0.000000881449693002699,0.0000000198939159282446,13019514,56739.883324929,41420.1148271981,7704.14135785885,89053246878.476,NA,NA,NA,NA,NA
"154","MYS","Malaysia",15284,15194,14501,0.994111489138969,154,0.000487773471891624,0.0000000116654516888669,0.0142729951565885,0.000000939383648584211,0.0000000336372299766653,184528908,2160681.42646543,1577297.44131977,293377.324085477,3391189498837.5,NA,NA,NA,NA,NA
"155","MYT","Mayotte",1230,117,117,0.0951219512195122,155,0.0000218352552483304,0.0000000000171807105410087,0.000389026349944478,0.00000332501153798699,0.000000186626113233593,20605.0175489962,100.04813188317,73.0351362747143,13.5845353470969,157025542.990636,NA,NA,NA,NA,NA
"156","NAM","Namibia",30259,25917,13795,0.856505502495125,156,0.000259556878160542,0.00000000437429947533579,0.000846485202916583,0.0000000326613883904998,0.0000000188152865647366,3477170,12473.4724116245,9105.63486048591,1693.64808405038,19577114950.0447,NA,NA,NA,NA,NA
"157","NCL","New Caledonia",27270,335,0,0.0122845617895123,157,0.0000298911200156047,0.0000000000488412692215055,0.000358026496071635,0.00000106873580916906,Inf,326989,1587.70253500413,1159.02285055302,215.578250202861,2491899128.68899,NA,NA,NA,NA,NA
"158","NER","Niger",20586,18712,5855,0.908967259302439,158,0.0000263537286858078,0.0000000000319313500735152,0.00294879517472822,0.000000157588455254822,0.00000000450106382336598,15021009,7613.53683627287,5557.88189047919,1033.76603162913,11949446064.5303,NA,NA,NA,NA,NA
"159","NFK","Norfolk Island",7368,893,893,0.121199782844734,159,0.0000372661234010521,0.0000000000789819929511129,0.000309572718947869,0.000000346665978665027,0.0000000417313811881882,0,0,0,0,0,NA,NA,NA,NA,NA
"160","NGA","Nigeria",20468,19154,19047,0.935802227867891,160,0.000155094486091972,0.000000000902585457977331,0.013125119821653,0.00000068524171565485,0.00000000814272515839618,34612853,135179.144142967,98680.775224366,18354.6241917321,212163666732.387,NA,NA,NA,NA,NA
"161","NIC","Nicaragua",5490,4001,3746,0.728779599271403,161,0.0000317400308708156,0.00000000002611224818895,0.0039488663816964,0.00000098696985296086,0.00000000847304614810881,17292977,178601.305531698,130378.95303814,24250.485265094,280314749032,NA,NA,NA,NA,NA
"162","NIU","Niue",5879,311,311,0.0529001530872597,162,0.0000153435931827677,0.0000000000105323532270855,0.000412609745168269,0.00000132671943784009,0.0000000493363124847836,14919,72.439544204015,52.8808672689309,9.83584131202115,113693864.628201,NA,NA,NA,NA,NA
"163","NLD","Netherlands",1683,1683,1683,1,163,0.00159706414414676,0.00000015660330815446,0.00649588182614391,0.00000385970399652045,0.000000948938885411028,59408000,1315187.8931698,960087.162013954,178576.212134595,2064187398330,NA,NA,NA,NA,NA
"164","NOR","Norway",40644,30634,28549,0.753715185513237,164,0.0444231402709603,0.0000473298378203126,0.00288867100629731,0.0000000942962396780476,0.000001556031394128,9580000,108314.886244837,79069.8669587311,14706.995254324,170000213961.272,2016,1233619.2,616809.6,122375.02464,875869632000
"165","NPL","Nepal",2639,2472,2299,0.936718453959833,165,0.000024829957487728,0.0000000000229634254086954,0.00419039282298676,0.00000169514272774545,0.0000000108003294857451,56277000,41499.198461348,30294.4148767841,5634.76116708184,65132991985.0857,NA,NA,NA,NA,NA
"166","NRU","Nauru",6558,1275,1275,0.194419030192132,166,0.0000290489248815568,0.0000000000406455023149163,0.000492464014877205,0.0000003862462861782,0.0000000227834704953387,708,3.43771012108336,2.50952838839085,0.466772280240698,5395486.03504033,NA,NA,NA,NA,NA
"167","NZL","New Zealand",96736,87861,87189,0.908255458154152,167,0.000463423203331436,0.00000000507277689424967,0.00314593410860021,0.0000000358058081355802,0.00000000531515676669575,19078000,272513.729702083,198935.02268252,37001.9142189488,427710298767.419,2016,11451,5725.5,1135.9392,8130210000
"168","OMN","Oman",14718,8446,4417,0.57385514336187,168,0.000120916402192876,0.000000000640043626534925,0.000878113346104549,0.000000103967954783868,0.0000000273752325544206,3514701,17065.7107348613,12457.9688364487,2317.18220357947,26784632998.3648,NA,NA,NA,NA,NA
"169","PAK","Pakistan",17911,17423,14562,0.972754173412986,169,0.000150254823720986,0.000000000469566695855012,0.12527778348267,0.00000719036810438329,0.0000000103182820849462,357051806,1455482.10233865,1062501.93470722,197625.359855542,2284379159620.51,NA,NA,NA,NA,NA
"170","PAN","Panama",6170,2320,2208,0.376012965964344,170,0.000107837417724968,0.000000000635512435628469,0.00184859891119365,0.000000796809875514504,0.0000000488394102015254,21013000,252905.297204939,184620.866959605,34339.4812544866,396934863963.152,NA,NA,NA,NA,NA
"171","PCN","Pitcairn Islands",13104,1663,1663,0.126907814407814,171,0.000021537204344299,0.0000000000227832132146222,0.000287528071957202,0.000000172897217051835,0.0000000129508143982556,0,0,0,0,0,NA,NA,NA,NA,NA
"172","PER","Peru",34169,31504,21664,0.92200532646551,172,0.010932770513682,0.00000914559603101315,0.0193505600166481,0.00000061422549570366,0.000000504651519280004,133510922,1819251.88413727,1328053.8754202,247018.020828158,2855315832153.44,NA,NA,NA,NA,NA
"173","PHL","Philippines",29001,28994,28996,0.999758629012793,173,0.000523318864509079,0.0000000146647460668474,0.0139633508295425,0.000000481594496431762,0.0000000180479674613422,88792807,1283709.29452463,937107.785002978,174302.048010554,2014781737756.4,NA,NA,NA,NA,NA
"174","PLW","Palau",10111,1680,1679,0.166155672040352,174,0.0000392252189023573,0.0000000000334326449106017,0.000342874780145666,0.000000204092131039087,0.0000000233622506863355,642.501627575453,3.11968128238512,2.27736733614114,0.423590324522251,4896339.77270344,NA,NA,NA,NA,NA
"175","PNG","Papua New Guinea",48511,9447,1781,0.194739337469852,175,0.0000420293614350168,0.0000000000426266289233853,0.000372628722518206,0.0000000394441327954066,0.0000000235987430853547,2854898,7675.29100895328,5602.9624365359,1042.15101319568,12046369238.5522,NA,NA,NA,NA,NA
"176","POL","Poland",5900,5893,5868,0.998813559322034,176,0.00046074851355988,0.00000000504028748631396,0.0228993077800863,0.00000388584893604044,0.0000000785188332583299,121960000,2579612.51942418,1883117.13917965,350259.787887415,4048701849236.25,NA,NA,NA,NA,NA
"177","PRI","Puerto Rico",218,218,218,1,177,0.0000524640614060824,0.0000000000960893455213749,0.000732632390359805,0.00000336069903834773,0.000000240660832137993,13976947,55452.8484157393,40480.5793434897,7529.38775788909,87033245588.5029,NA,NA,NA,NA,NA
"178","PRK","North Korea",3536,2706,1334,0.76527149321267,178,0.0000273541914197981,0.0000000000369311926484075,0.00143251390470325,0.000000529384295899205,0.0000000205053908694139,2650556.07597348,23473.8322279268,17135.8975263866,3187.2769399079,36842179681.7311,NA,NA,NA,NA,NA
"179","PRT","Portugal",27572,23389,23389,0.848288118380966,179,0.000183449405594203,0.00000000184823844490559,0.00219615317770152,0.0000000938968394416828,0.00000000784340525863453,2950000,383337.945504303,279836.700218141,52049.6262405743,601648905469.004,NA,NA,NA,NA,NA
"180","PRY","Paraguay",5561,5365,4232,0.964754540550261,180,0.000487620401197528,0.00000000580262856623829,0.0216837280874438,0.00000404170141424861,0.000000115222212003197,9384169,25879.9247669773,18892.3450798935,3513.97618486018,40618541921.7709,NA,NA,NA,NA,NA
"181","PSE","Palestina",43,42,0,0.976744186046512,181,0.0000236105752011859,0.0000000000276969447961984,0.000339444110737826,0.0000080820026366149,Inf,6214493,30174.6122648329,22027.466953328,4097.10885331901,47359053949.6552,NA,NA,NA,NA,NA
"182","PYF","French Polynesia",88407,12165,12165,0.137602226068072,182,0.0000539850921242816,0.000000000178898161912989,0.000206388861932689,0.0000000169657921851779,0.0000000044377387689504,167090,811.309299621212,592.255788723485,110.159576702568,1273349945.75549,NA,NA,NA,NA,NA
"183","QAT","Qatar",572,572,532,1,183,0.0000328127670095864,0.0000000000488240429355851,0.000392679980620155,0.000000686503462622649,0.0000000616781334766662,8753364,12274.0701669443,8960.07122186935,1666.5732472677,19264153127.0191,NA,NA,NA,NA,NA
"184","REU","Reunion",5741,620,620,0.107995122800906,184,0.0000242723614911116,0.0000000000296537728313078,0.000697010864708899,0.00000112421107211113,0.0000000391489701469542,16262348,78962.2010059035,57642.4067343096,10721.4876525816,123931174478.766,NA,NA,NA,NA,NA
"185","ROU","Romania",4799,4765,4480,0.992915190664722,185,0.0000529935395056286,0.0000000000756699875955825,0.0114478987247346,0.00000240249710907337,0.0000000118289150682207,39623000,513232.429950215,374659.673863657,69686.6993386402,805518298806.862,NA,NA,NA,NA,NA
"186","RUS","Russia",461176,358183,137171,0.776673113952157,186,0.00217336195407111,0.0000000615283808167172,0.12616571164685,0.000000352238134268935,0.0000000158441795574218,295581739,5155745.4435231,3763694.17377186,700047.116321566,8091942473609.5,NA,NA,NA,NA,NA
"187","RWA","Rwanda",280,277,256,0.989285714285714,187,0.0000150804967317014,0.00000000000880065689936111,0.000757576943346357,0.00000273493481352475,0.0000000589081903582086,3811517,10759.4702633394,7854.41329223779,1460.92087235623,16886988578.3112,NA,NA,NA,NA,NA
"188","SAU","Saudi Arabia",41526,38652,11757,0.930790348215576,188,0.000339894591090865,0.0000000049613417438956,0.0178966664669701,0.000000463020450868522,0.0000000289099762771851,165383714,810876.905733401,591940.141185383,110100.866260481,1272671303548.57,NA,NA,NA,NA,NA
"189","SDN","Sudan",32266,28255,10457,0.875689580363231,189,0.000160919373061317,0.000000000794270895189598,0.0277401991402264,0.000000981780185461915,0.0000000153886748648099,38295594,67691.9180754612,49415.1001950867,9191.20863628612,106242465419.436,NA,NA,NA,NA,NA
"190","SEN","Senegal",5574,5173,5048,0.928058844635809,190,0.000172451134367382,0.00000000169743918377927,0.00207489281423648,0.000000401100486030636,0.0000000341622690902104,49177998,77064.0484294817,56256.7553535217,10463.756495755,120952024010.072,NA,NA,NA,NA,NA
"191","SGP","Singapore",1,1,1,1,191,0.0000166769282451185,0.000000000016509959861307,0.000947563264769189,0.000947563264769189,0.0000166769282451185,1133415,128945.590115255,94130.2807841359,17508.2322258493,202380103685.892,NA,NA,NA,NA,NA
"192","SHN","Saint Helena",8441,1140,1136,0.135055088259685,192,0.0000134310431512088,0.00000000000733634158657114,0.000268054561664487,0.000000235135580407445,0.0000000118231013655007,5688,27.6182135151443,20.1612958660553,3.75000103108629,43346786.1120189,NA,NA,NA,NA,NA
"193","SJM","Svalbard and Jan Mayen",313,11,11,0.0351437699680511,193,0.0000189364661838019,0.000000000020869434515217,0.000242365959427948,0.0000220332690389044,0.00000172149692580017,0,0,0,0,0,NA,NA,NA,NA,NA
"194","SLB","Solomon Islands",29339,1757,1145,0.0598861583557722,194,0.0000136619137389564,0.00000000000798597375428275,0.000219064777090304,0.000000124681148030907,0.0000000119318023921017,86675,265.828418053887,194.054745179337,36.0941826033568,417217702.135576,NA,NA,NA,NA,NA
"195","SLE","Sierra Leone",4013,2446,2443,0.609519063045103,195,0.0000875158511283461,0.000000000367535289357419,0.000712956543003445,0.000000291478553967067,0.0000000358231072977266,7052502,15528.4623344766,11335.7775041679,2108.45461577523,24371921633.961,NA,NA,NA,NA,NA
"196","SLV","El Salvador",1919,594,594,0.309536216779573,196,0.0000310894287657497,0.0000000000574301996290279,0.00220940007313424,0.00000371952874265024,0.0000000523391056662453,10638924,170008.952470882,124106.535303744,23083.8155664964,266829050903.049,NA,NA,NA,NA,NA
"197","SMR","San Marino",12,12,11,1,197,0.0000199998289061943,0.0000000000210353936866493,0.000243893004225037,0.0000203244170187531,0.00000181816626419948,305942.385830889,1485.51022067689,1084.42246109413,201.702577763508,2331508291.35238,NA,NA,NA,NA,NA
"198","SOM","Somalia",20883,9927,4045,0.47536273523919,198,0.0000219605938221614,0.000000000027049821270299,0.0011021103831584,0.000000111021495231026,0.00000000542907140226487,2830919,4500.67162188598,3285.49028397677,611.101192819679,7063804110.55005,NA,NA,NA,NA,NA
"199","SPM","Saint Pierre and Miquelon",101,87,87,0.861386138613861,199,0.0000159915092734193,0.0000000000130094337686438,0.00025474209811685,0.00000292807009329713,0.000000183810451418613,36842,178.887169888352,130.587634018497,24.2892999274404,280763413.139768,NA,NA,NA,NA,NA
"200","SRB","Serbia",1120,1120,1108,1,200,0.0000166881892665032,0.0000000000146056413359906,0.00372477098352631,0.00000332568837814849,0.0000000150615426592989,6577000,31934.773257578,23312.384478032,4336.10351291394,50121626627.7687,NA,NA,NA,NA,NA
"201","SSD","South Sudan",7095,6434,4888,0.906835799859056,201,0.0000191558732369685,0.0000000000185793228464181,0.00322175807391175,0.000000500739520346868,0.00000000391895933653202,10427106,23281.7387742459,16995.6693051995,3161.19449076711,36540689006.1789,NA,NA,NA,NA,NA
"202","STP","São Tomé and Príncipe",2106,918,918,0.435897435897436,202,0.0000196790554285598,0.0000000000168618753701229,0.00033538471797409,0.000000365342830037135,0.0000000214368795518081,154750,441.778205267711,322.498089845429,59.9846447112498,693370893.167673,NA,NA,NA,NA,NA
"203","SUR","Suriname",4910,2725,506,0.554989816700611,203,0.0000215941053159085,0.0000000000220451129945913,0.000370534669668369,0.000000135976025566374,0.0000000426760974622698,3616000,10402.3997424311,7593.75181197469,1412.43783702729,16326566395.7456,NA,NA,NA,NA,NA
"204","SVK","Slovakia",580,568,560,0.979310344827586,204,0.00004571334946615,0.0000000000585597500526599,0.00215064194064948,0.00000378634144480542,0.0000000816309811895536,6469000,77604.5345064541,56651.3101897115,10537.1436952863,121800316907.88,NA,NA,NA,NA,NA
"205","SVN","Slovenia",282,268,246,0.950354609929078,205,0.000024117189164756,0.000000000036017919541882,0.000466637552319441,0.00000174118489671433,0.0000000980373543282764,1761000,75652.4752377263,55226.3069235402,10272.0930877785,118736559885.611,NA,NA,NA,NA,NA
"206","SWE","Sweden",9742,8990,5903,0.922808458222131,206,0.00220066629955131,0.0000000827268192637705,0.00235375746031824,0.000000261819517276779,0.000000372804726334289,1575000,186815.254358169,136375.135681464,25365.7752367522,293206541715.147,NA,NA,NA,NA,NA
"207","SWZ","Swaziland",240,240,218,1,207,0.0000321270988321092,0.0000000000493591274799231,0.000351626693456841,0.00000146511122273684,0.000000147372012991327,3602656,7791.25643117658,5687.6171947589,1057.89679822516,12228376968.7316,NA,NA,NA,NA,NA
"208","SXM","Sint Maarten",5,5,5,1,208,0.0000153139433042826,0.00000000000910053314217512,0.000247541767065645,0.000049508353413129,0.00000306278866085652,0,0,0,0,0,NA,NA,NA,NA,NA
"209","SYC","Seychelles",24614,2438,2438,0.0990493215243357,209,0.0000194716827327612,0.000000000023625283677412,0.000419529048235821,0.000000172079183033561,0.00000000798674435306038,46018,223.441446824878,163.112256182161,30.338879649882,350691350.791647,NA,NA,NA,NA,NA
"210","SYR","Syria",2779,2668,1505,0.960057574667146,210,0.0000186109616508346,0.0000000000129796044712666,0.00338650754630964,0.0000012693056770276,0.0000000123660874756376,5610908,139648.279344093,101943.243921188,18961.443369341,219177974430.554,NA,NA,NA,NA,NA
"211","TCA","Turks and Caicos Islands",2130,373,373,0.175117370892019,211,0.000025357346184832,0.0000000000404348370397132,0.0003948217043507,0.00000105850322882225,0.000000067982161353437,0,0,0,0,0,NA,NA,NA,NA,NA
"212","TCD","Chad",22512,19346,7334,0.859363894811656,212,0.0000731054496894785,0.000000000181828784022519,0.00179033679091345,0.0000000925429954984726,0.00000000996801877413124,4793349,815.268949909419,595.146333433876,110.697218018701,1279564616.88283,NA,NA,NA,NA,NA
"213","TGO","Togo",576,549,542,0.953125,213,0.0000271150183590602,0.00000000003088210041804,0.00173558552126845,0.00000316135796223761,0.0000000500277091495576,26711524,43551.0036949729,31792.2326973302,5913.35528170342,68353300299.26,NA,NA,NA,NA,NA
"214","THA","Thailand",11049,10926,10667,0.98886777083899,214,0.000198615157704202,0.00000000217724302677217,0.0258547079308658,0.00000236634705572632,0.0000000186195891726073,180876474,1927911.71805525,1407375.55418033,261771.853077541,3025857441487.71,NA,NA,NA,NA,NA
"215","TJK","Tajikistan",1494,1353,513,0.905622489959839,215,0.0000150343837532313,0.00000000000662161719097544,0.000780935725538234,0.000000577188267212294,0.0000000293067909419713,2298000,11157.9913252112,8145.3336674042,1515.03206213718,17512467384.919,NA,NA,NA,NA,NA
"216","TKL","Tokelau",5036,827,827,0.164217633042097,216,0.0000232155868136625,0.0000000000330003584579242,0.000448793414670989,0.000000542676438538076,0.0000000280720517698458,2858,13.8770840763506,10.1302713757359,1.88423047588689,21780083.4578323,NA,NA,NA,NA,NA
"217","TKM","Turkmenistan",7109,6676,463,0.939091292727528,217,0.0000375316638196168,0.0000000000683174778921774,0.0100844242601556,0.00000151054887060449,0.0000000810619088976605,12902338,22169.1072258418,16183.4482748645,3010.1213791248,34794413790.9587,NA,NA,NA,NA,NA
"218","TLS","Timor-Leste",754,530,348,0.702917771883289,218,0.0000282582385669657,0.0000000000474264070209989,0.000237282459818643,0.000000447702754374798,0.0000000812018349625451,803112,872.9397130779,637.245990546867,118.527754241717,1370078879.67576,NA,NA,NA,NA,NA
"219","TON","Tonga",10607,526,510,0.0495898934665787,219,0.0000171661649755054,0.0000000000165230459908364,0.000418411540312702,0.000000795459202115403,0.0000000336591470107949,261878,1271.55459193371,928.234852111609,172.651682492759,1995704932.03996,NA,NA,NA,NA,NA
"220","TTO","Trinidad and Tobago",1208,1208,1208,1,220,0.0000273785890795931,0.0000000000407769467396372,0.00117381133044523,0.000000971698121229495,0.000000022664394933438,36115433,79996.4565223063,58397.4132612836,10861.9188665987,125554438511.76,NA,NA,NA,NA,NA
"221","TUN","Tunisia",4285,4238,3237,0.989031505250875,221,0.0000442848846758525,0.000000000086083954229893,0.00405958484679481,0.00000095790109645937,0.0000000136808417287156,66757114,153536.36916977,112081.549493932,20847.1682058714,240975331411.954,NA,NA,NA,NA,NA
"222","TUR","Turkey",16045,15895,15755,0.990651293237769,222,0.000465406042668736,0.00000000500249015868248,0.0583459721702121,0.00000367071231017377,0.0000000295402121655815,220322000,2450238.65598598,1788674.21886977,332693.404709777,3845649570570,NA,NA,NA,NA,NA
"223","TUV","Tuvalu",12626,1208,1208,0.0956755900522731,223,0.0000269025425948009,0.0000000000452155641886377,0.000385519561744906,0.00000031913871005373,0.0000000222703167175504,42709,207.374521979307,151.383401044894,28.1573125943502,325474312.246522,NA,NA,NA,NA,NA
"224","TWN","Taiwan",5298,4201,4199,0.792940732351831,224,0.0000995805838093146,0.000000000449873636687479,0.00376923914236847,0.000000897224266214823,0.0000000237153093139592,51705000,485191.794509982,354190.009992287,65879.3418585653,761508521483.416,NA,NA,NA,NA,NA
"225","TZA","Tanzania",17335,15491,13188,0.893625612921834,225,0.0000533028727505659,0.0000000000975611807877929,0.00286193697434023,0.000000184748368364872,0.00000000404177075754973,21226049,104994.420025067,76645.9266182987,14256.1423510036,164788742229.342,NA,NA,NA,NA,NA
"226","UGA","Uganda",3132,2815,2812,0.898786717752235,226,0.0000409864974063713,0.0000000000853672909822799,0.00147070440994096,0.000000522452721115794,0.0000000145755680676996,27844012,45827.3698268158,33453.9799735755,6222.44027508505,71926056943.1874,NA,NA,NA,NA,NA
"227","UKR","Ukraine",10796,10781,10753,0.998610596517229,227,0.000173659270302515,0.000000000423504389443805,0.0422930576969353,0.00000392292530349089,0.0000000161498437926639,95497779,1114660.25884169,813701.988954436,151348.569945525,1749459276252.04,NA,NA,NA,NA,NA
"228","URY","Uruguay",4064,3907,3873,0.96136811023622,228,0.000754961686350504,0.0000000396895940715653,0.00731045146766221,0.00000187111632138782,0.000000194929431022593,33692000,42442.6384370661,30983.1260590583,5762.86144698484,66613721026.9753,NA,NA,NA,NA,NA
"229","USA","United States",208227,163628,146780,0.785815480221105,229,0.00371404792708742,0.000000408983201421925,0.75094494016023,0.00000458934253404203,0.0000000253035013427403,1605666987,24718896.4461718,18044794.4057054,3356331.75946121,38796307972266.7,2016,16185,8092.5,1605.552,11491350000
"230","UZB","Uzbekistan",5640,5278,1439,0.935815602836879,230,0.00002438384588584,0.000000000025120646095788,0.00584984683230253,0.00000110834536421041,0.0000000169449936663238,31998514,32815.8059045647,23955.5383103323,4455.7301257218,51504407367.2144,NA,NA,NA,NA,NA
"231","VCT","Saint Vincent and the Grenadines",547,547,547,1,231,0.0000124041158567642,0.00000000000832393164385301,0.000223763207889602,0.000000409073506196713,0.0000000226766286229693,206000,477.174938602085,348.337705179522,64.7908131633911,748926066.135972,NA,NA,NA,NA,NA
"232","VEN","Venezuela",20424,17989,15909,0.880777516647082,232,0.0000415376023177274,0.00000000011630319233119,0.0126371005839414,0.00000070249044326763,0.00000000261094992254242,111444917,787908.400689394,575173.132503257,106982.202645606,1236622234882,NA,NA,NA,NA,NA
"233","VGB","British Virgin Islands",1832,709,709,0.387008733624454,233,0.00000428237092396417,0.000000000000265713846832555,0.000149131331580651,0.000000210340383047463,0.00000000604001540756583,139584.631046156,677.756354371547,494.762138691229,92.0257577965686,1063738598.18614,NA,NA,NA,NA,NA
"234","VIR","Virgin Islands, U.S.",7,7,7,1,234,0.000000958678321169555,0.0000000000000556962680334521,0.0000181068132111659,0.00000258668760159513,0.000000136954045881365,31775,154.28423601331,112.627492289716,20.9487135658873,242149108.42289,NA,NA,NA,NA,NA
"235","VNM","Vietnam",12199,4934,4812,0.404459381916551,235,0.0000236466298991881,0.0000000000252411612373285,0.00970707849244484,0.00000196738518290329,0.00000000491409598902496,213851000,1038358.39986412,758001.631900807,140988.30353355,1629703508586.74,NA,NA,NA,NA,NA
"236","VUT","Vanuatu",10926,456,444,0.0417353102690829,236,0.00000189258363358316,0.000000000000211375162795038,0.0000736289825494318,0.000000161467066994368,0.00000000426257575131342,706221,1333.67059638934,973.579535364217,181.085793577744,2093196001.03307,NA,NA,NA,NA,NA
"237","WLF","Wallis and Futuna",2438,19,19,0.00779327317473339,237,0.00000269545988748988,0.000000000000446851268834034,0.0000461177537493792,0.00000242725019733575,0.000000141866309867888,54976,266.937219797569,194.864170452225,36.2447357041139,418957966.472284,NA,NA,NA,NA,NA
"238","WSM","Samoa",1811,218,217,0.120375483158476,238,0.0000205506629318035,0.0000000000238250718444045,0.000312063062532924,0.00000143148193822442,0.0000000947035158147627,421736,2047.74875088307,1494.85658814464,278.043325394903,3213941664.51097,NA,NA,NA,NA,NA
"239","XKO","Kosovo",92,91,0,0.989130434782609,239,0.0000192033274173963,0.00000000000834147600257951,0.000387298639760441,0.00000425602900835649,Inf,281800.272706801,1368.28764068958,998.849977703392,185.786095852831,2147527452.06229,NA,NA,NA,NA,NA
"240","XMI","Madeira Island",9689,9636,9636,0.994529879244504,240,0.0000126251263757588,0.0000000000113304069624073,0.00000608460387731276,0.000000000631444985192275,0.00000000131020406556235,7323.3583381537,35.5587331629819,25.9578752089768,4.82816478886968,55809431.6993001,NA,NA,NA,NA,NA
"241","YEM","Yemen",14162,7793,5800,0.550275384832651,241,0.0000368270471536313,0.0000000000632032128925935,0.0111343798266358,0.00000142876681979158,0.00000000634949088855712,54400000,264140.438682111,192822.520237941,35864.988764257,414568418511.573,NA,NA,NA,NA,NA
"242","ZAF","South Africa",39358,38408,32384,0.975862594644037,242,0.000461874902637108,0.0000000154892496249562,0.0237539989873876,0.000000618464876780556,0.0000000142624414104838,132754934,2119985.95942814,1547589.75038254,287851.693571153,3327317963322.46,NA,NA,NA,NA,NA
"243","ZMB","Zambia",9129,8673,7322,0.950049293460401,243,0.00000129972025937449,0.0000000000000485706258429027,0.00214095043426843,0.000000246852350313436,0.000000000177508912779908,28939953,140518.600751097,102578.578548301,19079.6156099839,220543943878.847,NA,NA,NA,NA,NA
"244","ZWE","Zimbabwe",6944,6819,6555,0.981998847926267,244,0.00000157350786596515,0.000000000000118212732154519,0.00167697605328108,0.000000245926976577369,0.000000000240046966585072,18129531,88028.3505779583,64260.6959219096,11952.4894414752,138160496232.106,NA,NA,NA,NA,NA
"245","RUS","Russian Federation",NA,NA,NA,NA,NA,NA,NA,NA,NA,NA,NA,NA,NA,NA,NA,2016,12857,6428.5,1275.4144,9128470000
