"","iso3c","ncells","broiler_cells","salmon_cells","prop_broiler","X","Country","salmon_cpi","chicken_cpi","variance_chi","broiler_cpi_cell","salmon_cpi_cell","broiler_count","broiler_slaughter_wt_tonnes","broiler_carcass_wt_tonnes","protein_tonnes.x","kcal.x","year","fao_tonnes_production","salmon_edible_wt_tonnes","protein_tonnes.y","kcal.y","prop_salmon"
"1","ABW",319,121,121,0.379310344827586,1,"Aruba",0.000000626321941082686,0.0000000509037938795951,0.000000000000000185720728062744,0.000000000420692511401612,0.00000000517621438911311,0,0,0,0,0,NA,NA,NA,NA,NA,0.379310344827586
"2","AFG",11131,10573,8016,0.949869733177612,2,"Afghanistan",0.00000154263525552952,0.00096970523470952,0.0000000371729081404938,0.000000091715240207086,0.000000000192444517905379,2530673,12167.5825226162,8882.33524150984,1652.11435492083,19097020769.2462,NA,NA,NA,NA,NA,0.720150929835594
"3","AGO",32536,29852,13202,0.917506761740841,3,"Angola",0.000553826541830218,0.00378174743017726,0.000000472989375885841,0.000000126683218215773,0.0000000419502001083334,34800000,49685.3085458948,36270.2752385032,6746.2711943616,77981091762.7819,NA,NA,NA,NA,NA,0.405765920826162
"4","AIA",1885,311,311,0.16498673740053,4,"Anguilla",0.0000000450986590013657,0.00000647070005308531,0.00000000000279663258608283,0.0000000208061094954512,0.000000000145011765277703,419687.311522765,2037.80129733344,1487.59494705341,276.692660151934,3198329136.16483,NA,NA,NA,NA,NA,0.16498673740053
"5","ALA",1,0,0,0,5,"Åland",0.0000143800825008468,0.000000878730588485967,0.0000000000000144580933570866,Inf,Inf,7803.89864825972,37.8920075805525,27.6611655338033,5.14497678928742,59471505.8976771,NA,NA,NA,NA,NA,0
"6","ALB",642,609,609,0.948598130841122,6,"Albania",0.00000227506407259129,0.000881866031700505,0.0000000158122418358812,0.00000144805588128162,0.00000000373573739341755,2844000,12304.7702822464,8982.48230603986,1670.74170892341,19312336957.9857,NA,NA,NA,NA,NA,0.948598130841122
"7","AND",1,0,0,0,7,"Andorra",0,0.000000041576193770946,0.000000000000000127932024153211,Inf,NA,943.875098567028,4.58300703302602,3.34559513410899,0.622280694944273,7193029.53833434,NA,NA,NA,NA,NA,0
"8","ARE",1571,1483,1052,0.943984723106302,8,"United Arab Emirates",0.0000216783802175001,0.000800166537787991,0.0000000145393717285586,0.000000539559364658119,0.0000000206068253018062,18803863,59872.6258989301,43707.0169062189,8129.50514455672,93970086348.3707,NA,NA,NA,NA,NA,0.669637173774666
"9","ARG",68061,61040,44433,0.896842538311221,9,"Argentina",0.00257375562559614,0.115986523180499,0.000442125590933258,0.00000190017239810778,0.0000000579244171133198,68000000,2661400.91326076,1942822.66668036,361365.016002546,4177068733362.77,NA,NA,NA,NA,NA,0.652840833957773
"10","ARM",452,429,419,0.949115044247788,10,"Armenia",0.0000000251962802363931,0.000226865642695582,0.00000000151343534261287,0.000000528824341947744,0.0000000000601343203732532,1210800,3463.08123664961,2528.04930275421,470.217170312284,5435306000.92156,NA,NA,NA,NA,NA,0.926991150442478
"11","ASM",6289,5518,5518,0.877404992844649,11,"American Samoa",0.00000181664613298179,0.0000015578567964734,0.0000000000000476328237987699,0.000000000282322724986118,0.000000000329221843599455,31739,154.109437193594,112.499889151324,20.9249793821462,241874761.675346,NA,NA,NA,NA,NA,0.877404992844649
"12","ATG",1591,388,388,0.2438717787555,12,"Antigua and Barbuda",0.000000096834911754622,0.00000509259239791267,0.0000000000010616155140913,0.0000000131252381389502,0.0000000002495745148315,99768,34.2482591128677,25.0012291523934,4.65022862234517,53752642.6776458,NA,NA,NA,NA,NA,0.2438717787555
"13","AUS",247084,191099,110442,0.773417137491703,13,"Australia",0.00190154233490681,0.0572961454098166,0.0000457458633804805,0.000000299824412528671,0.000000017217565191746,74424000,1566864.29155021,1143810.93283165,212748.833506687,2459193505588.05,2016,56115.19,28057.595,5566.626848,39841784900,0.446981593304301
"14","AUT",1276,1212,853,0.949843260188088,14,"Austria",0.0000107444060390045,0.00331269382962502,0.0000001076433407885,0.00000273324573401404,0.0000000125960211477192,9922000,151164.660564393,110350.202212007,20525.1376114332,237252934755.814,NA,NA,NA,NA,NA,0.668495297805643
"15","AZE",1662,1563,1314,0.94043321299639,15,"Azerbaijan",0.00000225962067121259,0.00483631370281882,0.000000619735440383783,0.00000309425060960897,0.00000000171965043471278,12609000,113120.987767423,82578.3210702185,15359.5677190606,177543390300.97,NA,NA,NA,NA,NA,0.790613718411552
"16","BDI",411,389,1,0.94647201946472,16,"Burundi",0.0000000147882702622678,0.000154963082303844,0.00000000124075220907071,0.000000398362679444329,0.0000000147882702622678,1076675,4367.96450880493,3188.6140914276,593.082221005533,6855520296.56933,NA,NA,NA,NA,NA,0.0024330900243309
"17","BEL",404,377,383,0.933168316831683,17,"Belgium",0.000313685803678506,0.00490572379277087,0.000000227000744966734,0.0000130125299542994,0.00000081902298610576,17335000,587929.523884089,429188.552435385,79829.0707529816,922755387736.077,NA,NA,NA,NA,NA,0.948019801980198
"18","BEN",2428,2046,1986,0.842668863261944,18,"Benin",0.0000126841480357332,0.000657187368019433,0.0000000124070787685601,0.000000321205947223574,0.00000000638678148828459,2442133,13732.9416395768,10025.0473968911,1864.65881582174,21553851903.3158,NA,NA,NA,NA,NA,0.817957166392092
"19","BES",230,170,169,0.739130434782609,19,"Bonaire, Sint Eustatius and Saba",0.000000658353106956146,0.00000289439067595777,0.000000000000258366669718672,0.0000000170258275056339,0.00000000389558051453341,86135,418.230453784626,305.308231262777,56.7873310148765,656412697.21497,NA,NA,NA,NA,NA,0.734782608695652
"20","BFA",5313,5047,4839,0.949934123847167,20,"Burkina Faso",0.00000530825702210421,0.00315670657123601,0.000000556415268762428,0.000000625461971713099,0.00000000109697396613024,26500000,9966.26948856564,7275.37672665292,1353.22007115744,15642059962.3038,NA,NA,NA,NA,NA,0.910784867306606
"21","BGD",4043,3751,3636,0.927776403660648,21,"Bangladesh",0.000180779282873309,0.00393794724348242,0.000000525205742983304,0.0000010498393077799,0.0000000497192747176317,23393000,163120.604545946,119078.04131854,22148.5156852485,256017788834.862,NA,NA,NA,NA,NA,0.899332179074944
"22","BGR",2640,2482,2426,0.940151515151515,22,"Bulgaria",0.0000641113531312214,0.00351835855590438,0.000000168010605888688,0.00000141754978078339,0.000000026426773755656,8352000,102552.431765301,74863.2751886696,13924.5691850925,160956041655.64,NA,NA,NA,NA,NA,0.918939393939394
"23","BHR",90,80,77,0.888888888888889,23,"Bahrain",0.0000152173217960615,0.0000249701224445617,0.0000000000204200516179641,0.000000312126530557021,0.000000197627555793006,267924,8820.78431439105,6439.17254950547,1197.68609420802,13844220981.4368,NA,NA,NA,NA,NA,0.855555555555556
"24","BHS",13097,1713,1449,0.130793311445369,24,"Bahamas",0.00000132327680202006,0.0000713879693824872,0.000000000239371095996926,0.0000000416742378181478,0.000000000913234507950352,2917714,8316.29044203542,6070.89202268586,1129.18591621957,13052417848.7746,NA,NA,NA,NA,NA,0.110636023516836
"25","BIH",689,654,609,0.949201741654572,25,"Bosnia and Herzegovina",0.00000133067895780439,0.00152375697227496,0.0000000242113471300741,0.00000232990362733174,0.00000000218502291921903,11291000,71782.6815821158,52401.3575549445,9746.65250521968,112662918743.131,NA,NA,NA,NA,NA,0.88388969521045
"26","BLM",4,3,3,0.75,26,"Saint-Barthélemy",0.000000000162314455692252,0.0000000000131919715996522,0.00000000000000000000000849002397400597,0.00000000000439732386655073,0.000000000054104818564084,0,0,0,0,0,NA,NA,NA,NA,NA,0.75
"27","BLR",2763,2624,2624,0.949692363373145,27,"Belarus",0.000191804711520985,0.00833463936172229,0.000000575279282245559,0.00000317631073236368,0.0000000730963077442778,26155201,561138.252797607,409630.924542253,76191.351964859,880706487765.843,NA,NA,NA,NA,NA,0.949692363373145
"28","BLZ",754,343,165,0.454907161803714,28,"Belize",0.000000653133274965164,0.000193377997043514,0.000000000636824113827711,0.000000563784247940274,0.00000000395838348463736,859214,25002.9773084478,18252.1734351669,3394.90425894104,39242172885.6088,NA,NA,NA,NA,NA,0.218832891246684
"29","BMU",10022,9512,9510,0.949111953701856,29,"Bermuda",0.000000351312311566807,0.0000000933950220229952,0.000000000000000647751778335119,0.00000000000981865244144188,0.0000000000369413576831553,20513,99.6013385787894,72.7089771625163,13.523869752228,156324300.89941,NA,NA,NA,NA,NA,0.948912392735981
"30","BOL",15520,13205,8825,0.850837628865979,30,"Bolivia",0.000210802174369192,0.0198097467714853,0.00000688406199841603,0.00000150017014551195,0.0000000238869319398518,179026531,689592.246289187,503402.339791107,93632.8352011459,1082315030550.88,NA,NA,NA,NA,NA,0.568621134020619
"31","BRA",287253,267260,206225,0.930399334384671,31,"Brazil",0.00265957561044507,0.316008235526546,0.00148953820344952,0.00000118240004312859,0.0000000128964752597652,1025749079,17644222.9245546,12880282.7349249,2395732.58869602,27692607880088.5,NA,NA,NA,NA,NA,0.717921135723561
"32","BRB",3629,1229,1229,0.338660788095894,32,"Barbados",0.000000774720184564053,0.000112489798751155,0.000000000420703091608253,0.0000000915295351921522,0.000000000630366301516723,2757064,19738.3199852362,14408.9735892224,2680.06908759537,30979293216.8281,NA,NA,NA,NA,NA,0.338660788095894
"33","BRN",512,380,339,0.7421875,33,"Brunei",0.0000116542746617318,0.000605135557257763,0.0000000166509104202879,0.00000159246199278359,0.0000000343783913325422,15463350,31620.8992616401,23083.2564609973,4293.48570174549,49629001391.1441,NA,NA,NA,NA,NA,0.662109375
"34","BTN",543,485,0,0.893186003683241,34,"Bhutan",0.00000000258253229096876,0.000072039726437099,0.000000000193462443105551,0.000000148535518427008,Inf,158000,1120.41360466523,817.90193140562,152.129759241445,1758489152.52208,NA,NA,NA,NA,NA,0
"35","BWA",8843,8041,0,0.909306796336085,35,"Botswana",0.00000000185811169394349,0.000245010185818673,0.00000000184615746272065,0.0000000304701138936293,Inf,200000,4747.63645116644,3465.7746093515,644.634077339379,7451415410.10572,NA,NA,NA,NA,NA,0
"36","CAF",9880,9385,5989,0.949898785425101,36,"Central African Republic",0.000000730139726993022,0.000561737203839527,0.0000000160045722442043,0.0000000598547899669182,0.000000000121913462513445,6642478,6996.86449245231,5107.71107949019,950.034260785175,10981578820.9039,NA,NA,NA,NA,NA,0.606174089068826
"37","CAN",297068,101783,56853,0.342625257516798,37,"Canada",0.00531829390517496,0.0526095727531097,0.000032846199138715,0.000000516879761385592,0.0000000935446485704353,139608325,1516520.55232449,1107060.00319688,205913.160594619,2380179006873.28,2016,123522,61761,12253.3824,87700620000,0.191380424683911
"38","CCK",10920,10360,10348,0.948717948717949,38,"Cocos Islands",0.00000164340009896831,0.00000030323039439056,0.00000000000000699558189022722,0.0000000000292693430878919,0.000000000158813306819512,0,0,0,0,0,NA,NA,NA,NA,NA,0.947619047619048
"39","CHE",501,475,277,0.94810379241517,39,"Switzerland",0.00000103259521903174,0.00358147975207392,0.000000209611260846482,0.0000075399573727872,0.0000000037277805741218,7837000,112800.060594368,82344.0442338885,15315.9922275033,177039695102.86,NA,NA,NA,NA,NA,0.552894211576846
"40","CHL",76479,64311,59243,0.84089750127486,40,"Chile",0.023235270950181,0.018578323482144,0.00000326684113871687,0.00000028888251593264,0.00000039220280792973,94900000,807776.350702902,589676.736013118,109679.87289844,1267804982428.2,2016,642701,321350.5,63755.9392,456317710000,0.774630944442265
"41","CHN",191144,175965,111536,0.920588666136525,41,"China",0.00239058775926642,0.702549615380631,0.00481062201380162,0.00000399255315193721,0.0000000214333287841273,1975356882,12928866.5861305,9438072.60787529,1755481.5050648,20291856106931.9,NA,NA,NA,NA,NA,0.58351818524254
"42","CIV",7188,6813,6828,0.947829716193656,42,"Côte d'Ivoire",0.0000155076400679974,0.00236659594349696,0.000000100028172369686,0.000000347364735578594,0.0000000022711833725831,52035814,65663.31238809,47934.2180433057,8915.76455605486,103058568793.107,NA,NA,NA,NA,NA,0.94991652754591
"43","CMR",7925,6935,6501,0.875078864353312,43,"Cameroon",0.000142525929884684,0.00306751645334404,0.000000322660146861535,0.000000442323929826105,0.000000021923693260219,46280000,90213.3492250754,65855.744934305,12249.1685577807,141589851608.756,NA,NA,NA,NA,NA,0.820315457413249
"44","COD",41238,29162,22153,0.707163295989136,44,"Democratic Republic of the Congo",0.000011848093153297,0.000881685822699334,0.0000000490869748631409,0.0000000302340656573395,0.000000000534830187933779,16503160,6811.18662989402,4972.16623982264,924.822920607011,10690157415.6187,NA,NA,NA,NA,NA,0.537198700227945
"45","COG",5582,5292,630,0.948047294876388,45,"Republic of Congo",0.0000145110607654844,0.000173725042424182,0.000000000822426888936015,0.0000000328278613802309,0.0000000230334297864832,2421949,8614.85559114872,6288.84458153857,1169.72509216617,13521015850.3079,NA,NA,NA,NA,NA,0.11286277319957
"46","COK",34265,2993,2993,0.08734860644973,46,"Cook Islands",0.0000003582298883991,0.000000293923467459644,0.00000000000000679982636523584,0.0000000000982036309587852,0.000000000119689237687638,13551,65.7971890548031,48.0319480100062,8.93394232986116,103268688.221513,NA,NA,NA,NA,NA,0.08734860644973
"47","COL",28289,22681,17374,0.801760401569515,47,"Colombia",0.0000110821629093276,0.010496849970719,0.00000178752441678781,0.000000462803666977602,0.00000000063785903702818,107203414,1867958.46536795,1363609.6797186,253631.40042766,2931760811394.99,NA,NA,NA,NA,NA,0.614160981300152
"48","COM",2676,502,502,0.187593423019432,48,"Comoros",0.0000000744527546544001,0.00000591741780220893,0.00000000000130643959596945,0.000000011787684864958,0.000000000148312260267729,352464,488.129253751591,356.334355238661,66.278190074391,766118863.763122,NA,NA,NA,NA,NA,0.187593423019432
"49","CPV",13285,1842,1833,0.138652615732029,49,"Cape Verde",0.00000185073380762675,0.0000784102202173303,0.000000000238587644900417,0.0000000425679805740121,0.00000000100967474502278,741000,3597.94237248978,2626.49793191754,488.528615336663,5646970553.62272,NA,NA,NA,NA,NA,0.137975159954836
"50","CRI",9111,8629,8637,0.947096915816046,50,"Costa Rica",0.00000576924051120709,0.000833703932163886,0.000000023170385629114,0.000000096616517807844,0.000000000667968103647921,21465335,162404.771514139,118555.483205321,22051.3198761898,254894288891.441,NA,NA,NA,NA,NA,0.947974975304577
"51","CUB",7192,6829,6809,0.949527252502781,51,"Cuba",0.00000240503473267421,0.00158089953931778,0.0000000448861476383611,0.000000231497955676934,0.000000000353214089098871,21044000,102179.621169602,74591.1234538094,13873.9489624085,160370915425.69,NA,NA,NA,NA,NA,0.94674638487208
"52","CUW",298,103,99,0.345637583892617,52,"Curaçao",0.000000785245701270745,0.00000226321966558002,0.00000000000017469716950906,0.0000000219730064619419,0.00000000793177476031055,69845.5668504981,339.136740218589,247.56982035957,46.0479865868801,532275113.773076,NA,NA,NA,NA,NA,0.332214765100671
"53","CXR",6661,6161,6161,0.924936195766401,53,"Christmas Island",0.00000468737732840567,0.00000182175650693564,0.0000000000000567009081447721,0.000000000295691690786502,0.000000000760814369161771,0,0,0,0,0,NA,NA,NA,NA,NA,0.924936195766401
"54","CYM",1452,149,147,0.102617079889807,54,"Cayman Islands",0.00000000077254605871389,0.000000152020891850498,0.000000000000000775270401049888,0.00000000102027444194965,0.00000000000525541536540061,5140,24.9573870372436,18.2188925371878,3.38871401191693,39170618.9549538,NA,NA,NA,NA,NA,0.101239669421488
"55","CYP",1098,1040,1038,0.947176684881603,55,"Cyprus",0.00000374682808712862,0.000481006791772321,0.00000000311867209198153,0.000000462506530550309,0.00000000360966097025879,2021000,25445.9839500197,18575.5682835143,3455.05570073367,39937471809.5558,NA,NA,NA,NA,NA,0.945355191256831
"56","CZE",703,667,647,0.948790896159317,56,"Czech Republic",0.00000696339684784625,0.0104643706820565,0.00000173062327353101,0.0000156887116672511,0.0000000107625917277376,16081000,189858.467893935,138596.681562572,25778.9827706385,297982865359.531,NA,NA,NA,NA,NA,0.920341394025605
"57","DEU",6538,6193,6200,0.947231569287244,57,"Germany",0.00226367828475452,0.0339198481608085,0.0000195815808695959,0.00000547712710492629,0.000000365109400766858,118251000,1235191.03476051,901689.45537517,167714.238699782,1938632329056.61,NA,NA,NA,NA,NA,0.948302233098807
"58","DJI",463,296,37,0.639308855291577,58,"Djibouti",0.0000007359428319466,0.00000204958851186763,0.000000000000109652354878941,0.00000000692428551306632,0.0000000198903468093676,29493.1758328667,143.204786812905,104.539494373421,19.4443459534563,224759912.902855,NA,NA,NA,NA,NA,0.0799136069114471
"59","DMA",942,894,894,0.949044585987261,59,"Dominica",0.000000159788454859808,0.00000785511502091367,0.00000000000143553035877881,0.00000000878648212630165,0.000000000178734289552358,149529,446.115253767961,325.664135250612,60.5735291566138,700177890.788815,NA,NA,NA,NA,NA,0.949044585987261
"60","DNK",2375,2255,2256,0.949473684210526,60,"Denmark",0.00291785706170641,0.00275049255013412,0.0000000591633874421626,0.00000121973062090205,0.00000129337635713937,13254000,198983.481329958,145257.941370869,27017.9770949816,312304573947.368,NA,NA,NA,NA,NA,0.949894736842105
"61","DOM",6416,3079,3070,0.479894014962594,61,"Dominican Republic",0.000000926684593189796,0.00315378823667128,0.000000279456472955041,0.00000102428978131578,0.000000000301851659019478,166100000,422340.325848072,308308.437869093,57345.3694436512,662863141418.549,NA,NA,NA,NA,NA,0.478491271820449
"62","DZA",50835,38731,8012,0.761896331267827,62,"Algeria",0.0000460540573349501,0.00411258486112493,0.000000497165740187601,0.000000106183286285532,0.00000000574813496442213,110630486,303626.457827922,221647.314214383,41226.4004438753,476541725560.924,NA,NA,NA,NA,NA,0.157607947280417
"63","ECU",29135,27665,26722,0.949545220525142,63,"Ecuador",0.00065855036965822,0.0272972935517331,0.0000185507089584135,0.000000986708604797871,0.0000000246445015215261,149700000,415275.03988533,303150.779116291,56386.0449156301,651774175100.026,NA,NA,NA,NA,NA,0.917178651106916
"64","EGY",23140,18026,6899,0.778997407087295,64,"Egypt",0.0000567549785032707,0.0313524906897546,0.0000297218819441739,0.00000173929272660349,0.00000000822655145720694,115901957,562764.591288514,410818.151640615,76412.1762051544,883259026027.323,NA,NA,NA,NA,NA,0.298141745894555
"65","ERI",3805,3571,2188,0.93850197109067,65,"Eritrea",0.0000150249438143998,0.000460211226142037,0.0000000112654690809411,0.000000128874608272763,0.00000000686697614917724,742000,725.728629409521,529.781899468951,98.5394333012248,1139031083.85824,NA,NA,NA,NA,NA,0.57503285151117
"66","ESH",5638,750,722,0.133025895707698,66,"Western Sahara",0.000105101692565894,0.000019186839445265,0.0000000000240400286935232,0.0000000255824525936867,0.000000145570211310102,0,0,0,0,0,NA,NA,NA,NA,NA,0.128059595601277
"67","ESP",25200,23829,23670,0.945595238095238,67,"Spain",0.00114930138947849,0.0215549984615197,0.00000666113518516688,0.000000904569997126178,0.0000000485551917819387,89859985,1647785.57851465,1202883.47231569,223736.325850719,2586199465478.74,NA,NA,NA,NA,NA,0.939285714285714
"68","EST",1293,1222,1227,0.945088940448569,68,"Estonia",0.000314468690867181,0.000717538361465387,0.00000000798731210318405,0.000000587183601853836,0.000000256290701603245,1404000,24560.1221665878,17928.8891816091,3334.77338777929,38547111740.4595,NA,NA,NA,NA,NA,0.948955916473318
"69","ETH",23924,18901,12440,0.790043470991473,69,"Ethiopia",0.00000635763713479409,0.00535740062616225,0.000000836479271665574,0.000000283445353481945,0.000000000511064078359654,48483787,4801.29212195664,3504.94324902835,651.919444319273,7535627985.41095,NA,NA,NA,NA,NA,0.519979936465474
"70","FIN",8884,8439,6180,0.94990995047276,70,"Finland",0.00189094875865287,0.00160800474853073,0.0000000225346769755147,0.000000190544465994873,0.000000305978763536063,4673000,148502.196233981,108406.603250806,20163.6282046499,233074196989.233,NA,NA,NA,NA,NA,0.695632597928861
"71","FJI",28899,5756,5755,0.199176442091422,71,"Fiji",0.00000277585583991172,0.000139541955998095,0.000000000975062645837166,0.0000000242428693533869,0.000000000482338112929925,4554937,27494.2892430515,20070.8311474276,3733.17459342153,43152286966.9694,NA,NA,NA,NA,NA,0.199141838817952
"72","FLK",11607,8349,8349,0.719307314551564,72,"Falkland Islands",0.0000140214982978726,0.00000173206949365666,0.000000000000152398221132867,0.000000000207458317601708,0.00000000167942248147953,3224,15.654205410131,11.4275699493956,2.12552801058759,24569275.3912006,NA,NA,NA,NA,NA,0.719307314551564
"73","FRA",17754,16853,16853,0.949250873042695,73,"France",0.00468235365059237,0.045167557806544,0.0000252493944966168,0.00000268009006150501,0.000000277835023473113,108074000,1388357.33416343,1013500.85393931,188511.158832711,2179026835969.51,NA,NA,NA,NA,NA,0.949250873042695
"74","FRO",5689,5394,5399,0.948145544032343,74,"Faroe Islands",0.00442282085053859,0.0000610750801671874,0.000000000259619777281849,0.0000000113227808986258,0.000000819192600581328,0,0,0,0,0,2016,83300,41650,8263.36,59143000000,0.949024433116541
"75","FSM",62344,3812,3797,0.061144616963942,75,"Micronesia",0.0000000611708203761461,0.0000000185232613915113,0.000000000000000012109268320306,0.00000000000485919763680779,0.0000000000161103029697514,98377,173.495736883456,126.651887924923,23.5572511540356,272301559.038583,NA,NA,NA,NA,NA,0.0609040164249968
"76","GAB",4992,4720,3776,0.94551282051282,76,"Gabon",0.0000239536965097943,0.000279333503986908,0.00000000120064393484895,0.0000000591808271158703,0.00000000634366962653451,2519558,4129.81837030129,3014.76741031994,560.746738319509,6481749932.18787,NA,NA,NA,NA,NA,0.756410256410256
"77","GBR",10059,9546,9556,0.949000894721145,77,"United Kingdom",0.0190117879514172,0.0285564681356384,0.00000689800666579885,0.00000299145905464471,0.00000198951318034923,108412357,2048177.02372851,1495169.22732181,278101.476281858,3214613838741.9,2016,163131.52,81565.76,16182.646784,115823379200,0.949995029326971
"78","GEO",1346,1277,1184,0.948736998514116,78,"Georgia",0.0000167440972440855,0.000574945768094409,0.00000000425454169722239,0.000000450231611663594,0.0000000141419740237209,5440529,18914.1306579453,13807.3153803001,2568.16066073582,29685728067.6452,NA,NA,NA,NA,NA,0.87964338781575
"79","GGY",103,65,96,0.631067961165049,79,"Guernsey",0.000158974710905996,0.0000207924094619656,0.0000000000327699558984372,0.000000319883222491778,0.00000165598657193746,0,0,0,0,0,NA,NA,NA,NA,NA,0.932038834951456
"80","GHA",6746,6370,6382,0.944263267121257,80,"Ghana",0.0000660023548010095,0.00259546635045069,0.000000195028573194901,0.000000407451546381584,0.0000000103419546852099,54027787,51950.4545004228,37923.8317853086,7053.83271206741,81536238338.4136,NA,NA,NA,NA,NA,0.946042099021642
"81","GIB",1,0,0,0,81,"Gibraltar",0.000000548325042823722,0.0000000140636803245975,0.0000000000000000155075319499771,Inf,Inf,0,0,0,0,0,NA,NA,NA,NA,NA,0
"82","GIN",5857,4976,4630,0.849581697114564,82,"Guinea",0.000167923028900832,0.000618454300496278,0.0000000117504801865089,0.000000124287439810345,0.0000000362684727647585,23216000,4551.06281457586,3322.27585464038,617.943308963111,7142893087.47682,NA,NA,NA,NA,NA,0.790507085538672
"83","GLP",50,38,10,0.76,83,"Guadeloupe",0.00000000927287507187472,0.00000857849158797603,0.00000000000328162139105381,0.000000225749778630948,0.000000000927287507187472,158034,767.337685417072,560.156510354463,104.18911092593,1204336497.26209,NA,NA,NA,NA,NA,0.2
"84","GMB",355,313,337,0.88169014084507,84,"Gambia",0.00002936172506582,0.000118847323338643,0.000000000695344419118939,0.000000379703908430169,0.0000000871267806107418,1085744,1471.67700490836,1074.3242135831,199.824303726457,2309797059.20367,NA,NA,NA,NA,NA,0.949295774647887
"85","GNB",2448,1580,1579,0.645424836601307,85,"Guinea-Bissau",0.0000458535680150156,0.0000814050718362134,0.000000000202033086739608,0.000000051522197364692,0.0000000290396250886736,1730303,2833.68372731467,2068.58912093971,384.757576494785,4447466610.02037,NA,NA,NA,NA,NA,0.645016339869281
"86","GNQ",6425,2295,1996,0.357198443579767,86,"Equatorial Guinea",0.000022895059531395,0.0000138313471545452,0.00000000000505010669162943,0.0000000060267307862942,0.0000000114704707071117,300000,238.059017933455,173.783083091422,32.3236534550045,373633628.646557,NA,NA,NA,NA,NA,0.310661478599222
"87","GRC",9488,9008,9012,0.949409780775717,87,"Greece",0.00015441782740849,0.00503867881123798,0.000000265502019656404,0.000000559355995918959,0.0000000171346901252208,22279711,187765.264244451,137068.642898449,25494.7675791116,294697582231.666,NA,NA,NA,NA,NA,0.949831365935919
"88","GRD",362,338,303,0.933701657458563,88,"Grenada",0.000000399633908981636,0.000013285886855672,0.000000000006211296226334,0.0000000393073575611598,0.0000000013189237920186,120912,524.5034801361,382.887540499353,71.2170825328796,823208212.073609,NA,NA,NA,NA,NA,0.837016574585635
"89","GRL",68391,30575,30575,0.447061747890804,89,"Greenland",0.0015043294882074,0.000029070200704335,0.0000000000542014273924449,0.000000000950783342741946,0.0000000492012915194571,0,0,0,0,0,NA,NA,NA,NA,NA,0.447061747890804
"90","GTM",3951,2267,2117,0.573778790179701,90,"Guatemala",0.0000103305662750192,0.00346798175362587,0.000000145002400305115,0.00000152976698439606,0.00000000487981401748663,15927663,267733.78187629,195445.660769692,36352.8929031626,420208170654.837,NA,NA,NA,NA,NA,0.535813718046064
"91","GUF",4191,3809,2922,0.90885230255309,91,"French Guiana",0.0000241117062517167,0.00000783018569479353,0.00000000000361206024220798,0.00000000205570640451392,0.00000000825178174254507,128358.864442381,356.892512318931,260.531533992819,48.4588653226644,560142798.084562,NA,NA,NA,NA,NA,0.697208303507516
"92","GUM",13,12,9,0.923076923076923,92,"Guam",0.000000000716039636957221,0.00000865813415154816,0.00000000000256349819483098,0.00000072151117929568,0.0000000000795599596619134,207489,1007.46756400207,735.45132172151,136.793945840201,1581220341.70125,NA,NA,NA,NA,NA,0.692307692307692
"93","GUY",5451,4322,2473,0.792882039992662,93,"Guyana",0.00000180744218256732,0.000639355451034824,0.0000000224742616973314,0.000000147930460674416,0.000000000730870271964141,26659970,43250.925827437,31573.175854029,5872.6107088494,67882328086.1624,NA,NA,NA,NA,NA,0.45367822417905
"94","HKG",1,0,0,0,94,"Hong Kong",0.00000075082105666834,0.0000628435699894549,0.000000000269659218313527,Inf,Inf,1235000,5996.57062081631,4377.4965531959,814.214358894438,9411617589.37119,NA,NA,NA,NA,NA,0
"95","HND",5147,1840,1511,0.357489799883427,95,"Honduras",0.000000422149313667895,0.00489544305269929,0.000000427108885555664,0.00000266056687646701,0.000000000279384059343412,41148043,242879.136549391,177301.769681056,32978.1291606763,381198804814.27,NA,NA,NA,NA,NA,0.293569069360793
"96","HRV",1199,1132,1139,0.944120100083403,96,"Croatia",0.0000379333466810483,0.00199591622319048,0.000000039390852919218,0.00000176317687560996,0.0000000333040796146166,5723000,43726.1650832747,31920.1005107906,5937.13869500705,68628216098.1997,NA,NA,NA,NA,NA,0.949958298582152
"97","HTI",2301,599,587,0.26032159930465,97,"Haiti",0.000000812134605283154,0.000748578352433725,0.0000000286146045295292,0.00000124971344312809,0.00000000138353425090827,5240213,9594.87308730972,7004.25735373609,1302.79186779491,15059153310.5326,NA,NA,NA,NA,NA,0.255106475445459
"98","HUN",1428,1356,1290,0.949579831932773,98,"Hungary",0.000021934473287076,0.00766734180734877,0.000000768954509163856,0.00000565438186382653,0.0000000170034676644,20043000,401805.237845988,293317.823627571,54557.1151947282,630633320799.278,NA,NA,NA,NA,NA,0.903361344537815
"99","IDN",130219,113307,110151,0.870126479238821,99,"Indonesia",0.00145804734874433,0.144927344344954,0.000209480262409806,0.00000127906788058067,0.0000000132368053739351,1926729000,2793220.05059808,2039050.6369366,379263.418470207,4383958869413.68,NA,NA,NA,NA,NA,0.845890384659689
"100","IMN",1,0,0,0,100,"Isle of Man",0.0000119203599356347,0.00000273859290576513,0.00000000000034033764794549,Inf,Inf,13456.3828728899,65.3377734396981,47.6965746109796,8.87156287764221,102547635.413606,NA,NA,NA,NA,NA,0
"101","IND",79999,74557,72416,0.931974149676871,101,"India",0.00163223437364022,0.176165884365956,0.000422178239335269,0.00000236283493657143,0.0000000225396925215452,392608803,3984554.47300828,2908724.76529604,541022.806345064,6253758245386.49,NA,NA,NA,NA,NA,0.905211315141439
"102","IOT",14399,1901,1901,0.132023057156747,102,"British Indian Ocean Territory",0.00000000673998554370264,0.00000000339144448671763,0.000000000000000000834980925564156,0.00000000000178403181836803,0.00000000000354549476260002,0,0,0,0,0,NA,NA,NA,NA,NA,0.132023057156747
"103","IRL",8265,7847,7850,0.949425287356322,103,"Ireland",0.00268621363829163,0.00240583604561233,0.0000000424241868236242,0.000000306593098714455,0.000000342192820164539,10904696,104911.363440488,76585.2953115562,14244.8649279495,164658384919.846,2016,16300,8150,1616.96,11573000000,0.949788263762855
"104","IRN",25556,24253,16477,0.949013930192518,104,"Iran",0.0000826889437596992,0.218899719244764,0.00156112892310468,0.0000090256759677056,0.00000000501844654729011,977938678,2790853.07802866,2037322.74696092,378942.030934732,4380243905965.99,NA,NA,NA,NA,NA,0.644740961026765
"105","IRQ",7417,7046,2784,0.949979776189834,105,"Iraq",0.00000182380068330687,0.019701160650329,0.0000135684563701852,0.00000279607729922353,0.00000000065510082015333,41253000,105588.286869506,77079.4494147393,14336.7775911415,165720816241.69,NA,NA,NA,NA,NA,0.375353916677902
"106","ISL",17176,15907,14911,0.9261178388449,106,"Iceland",0.0141412334373789,0.0000554545570594474,0.00000000012860039754276,0.00000000348617319792842,0.000000948375926321434,265849.383116896,11654.2321069769,8507.58943809314,1582.41163548532,18291317291.9003,NA,NA,NA,NA,NA,0.86812994876572
"107","ISR",628,571,511,0.909235668789809,107,"Israel",0.0000135232055928753,0.00331335414311588,0.000000255340431941536,0.00000580272179179664,0.000000026464198811889,32751000,704367.120319367,514187.997833138,95638.9675969637,1105504195341.25,NA,NA,NA,NA,NA,0.813694267515924
"108","ITA",11883,11280,11279,0.949255238576117,108,"Italy",0.000533935151748209,0.0144829104035125,0.00000223301354970801,0.0000012839459577582,0.0000000473388732820471,74131703,1301051.83267431,949767.837852249,176656.817840518,2042000851382.33,NA,NA,NA,NA,NA,0.94917108474291
"109","JAM",3345,555,547,0.165919282511211,109,"Jamaica",0.00000000720757725051754,0.000476259661946409,0.0000000124232368025925,0.000000858125517020557,0.0000000000131765580448218,12494499,206212.746251834,150535.304763839,27999.566686074,323650905242.254,NA,NA,NA,NA,NA,0.163527653213752
"110","JEY",23,18,18,0.782608695652174,110,"Jersey",0.0000315258703675876,0.00000407857591861346,0.000000000000849823837341327,0.000000226587551034081,0.00000175143724264376,11883.1732721844,57.6990184016606,42.1202834332122,7.83437271857747,90558609.3814063,NA,NA,NA,NA,NA,0.782608695652174
"111","JOR",996,946,297,0.949799196787149,111,"Jordan",0.00000197010797161865,0.00156754125906962,0.0000000779107234695626,0.00000165702035842455,0.00000000663336017380017,27098598,244994.152600874,178845.731398638,33265.3060401466,384518322507.071,NA,NA,NA,NA,NA,0.298192771084337
"112","JPN",60250,57226,57227,0.949809128630705,112,"Japan",0.000846536642821672,0.018719336728349,0.00000914015615998974,0.000000327112444139884,0.0000000147926091324318,175559000,2556965.92752523,1866585.12709342,347184.833639376,4013158023250.85,2016,13208,6604,1310.2336,9377680000,0.949825726141079
"113","KAZ",45702,40699,18922,0.890529954925386,113,"Kazakhstan",0.000172239876110403,0.00942343334312479,0.00000186793618801529,0.000000231539677710135,0.00000000910262530971372,15458000,163268.562247409,119186.050440609,22168.6053819532,256250008447.309,NA,NA,NA,NA,NA,0.414030020568028
"114","KEN",9519,5396,4828,0.56686626746507,114,"Kenya",0.0000078937148901508,0.00200183890945041,0.000000135003040723267,0.000000370985713389624,0.00000000163498651411574,26389453,11928.5960302891,8707.87510211102,1619.66476899265,18721931469.5387,NA,NA,NA,NA,NA,0.507196134047694
"115","KGZ",2014,1913,1263,0.949851042701092,115,"Kyrgyzstan",0.00000164389478091546,0.000429960794234753,0.00000000497594839846575,0.000000224757341471382,0.00000000130157939898295,452000,5236.53796123314,3822.67271170019,711.017124376235,8218746330.15541,NA,NA,NA,NA,NA,0.627110228401192
"116","KHM",4293,3382,2709,0.787794083391568,116,"Cambodia",0.00000957909667788493,0.000904542435450071,0.0000000196942616756473,0.000000267457846082221,0.00000000353602682830747,8142096,18412.7752445082,13441.325928491,2500.08662269933,28898850746.2557,NA,NA,NA,NA,NA,0.631027253668763
"117","KIR",55418,52644,52611,0.949944061496265,117,"Kiribati",0.00000107466134029434,0.000000434651246449659,0.0000000000000135767198187171,0.0000000000082564251662043,0.0000000000204265522475212,557944,1159.96609282124,846.775247759509,157.500196083269,1820566782.68294,NA,NA,NA,NA,NA,0.949348587101664
"118","KNA",81,57,57,0.703703703703704,118,"Saint Kitts and Nevis",0.0000000583621838932165,0.00000452446814558392,0.000000000000991536250482065,0.0000000793766341330512,0.00000000102389796303889,44773,148.743960169792,108.583090923948,20.1964549118544,233453645.486489,NA,NA,NA,NA,NA,0.703703703703704
"119","KOR",6076,5771,5772,0.94980250164582,119,"South Korea",0.000119488560706485,0.00903891748546782,0.0000023484680775549,0.00000156626537609908,0.0000000207014138438124,99104000,1006441.65683765,734702.409491486,136654.648165416,1579610180406.7,NA,NA,NA,NA,NA,0.949967083607637
"120","KWT",258,245,202,0.949612403100775,120,"Kuwait",0.0000170002514835971,0.00139155974850739,0.0000000575212771909591,0.00000567983570819343,0.0000000841596608098866,40236000,62728.3343233402,45791.6840560383,8517.25323442313,98452120720.4824,NA,NA,NA,NA,NA,0.782945736434108
"121","LAO",2429,2292,1262,0.943598188554961,121,"Laos",0.000000037907641901824,0.000946345355959423,0.0000000162575277037384,0.000000412890643961354,0.0000000000300377511107956,32439168,23907.78771668,17452.6850331764,3246.19941617081,37523272821.3293,NA,NA,NA,NA,NA,0.519555372581309
"122","LBN",290,258,260,0.889655172413793,122,"Lebanon",0.00000865004448175394,0.00317465905822525,0.00000021490656683241,0.0000123048800706405,0.0000000332694018528998,63840648,83639.3517924253,61056.7268084705,11356.5511863755,131271962638.212,NA,NA,NA,NA,NA,0.896551724137931
"123","LBR",4627,4381,3680,0.946833801599308,123,"Liberia",0.00000476562366784414,0.0000344224136824437,0.0000000000255182435396016,0.00000000785720467528959,0.00000000129500643147939,7185240,10983.4950414598,8017.95138026568,1491.33895672942,17238595467.5712,NA,NA,NA,NA,NA,0.79533174843311
"124","LBY",37662,33493,5336,0.889304869629866,124,"Libya",0.0000149008435832509,0.00159965146235136,0.0000000530913192221934,0.0000000477607697832789,0.00000000279251191590159,27087744,160046.001776374,116833.581296753,21731.0461211961,251192199788.019,NA,NA,NA,NA,NA,0.141681270245871
"125","LCA",306,277,277,0.905228758169935,125,"Saint Lucia",0.0000000614820883056371,0.0000106081495027548,0.00000000000365874365357788,0.0000000382965686020029,0.000000000221956997493275,369658,1638.42074124027,1196.0471411054,222.464768245604,2571501353.3766,NA,NA,NA,NA,NA,0.905228758169935
"126","LIE",1,0,0,0,126,"Liechtenstein",0.000000000651433580756254,0.00000255233291375102,0.000000000000151670598470536,Inf,Inf,0,0,0,0,0,NA,NA,NA,NA,NA,0
"127","LKA",11041,10468,10448,0.948102526945023,127,"Sri Lanka",0.0000167540302003984,0.00161196838596928,0.000000042221842865618,0.000000153990101831227,0.00000000160356338058943,11582000,234688.737690533,171322.778514089,31866.0368036205,368343973805.291,NA,NA,NA,NA,NA,0.94629109682094
"128","LSO",274,260,125,0.948905109489051,128,"Lesotho",0.000000065083951835464,0.000180318686191523,0.00000000176289601692645,0.000000693533408428935,0.000000000520671614683712,19842,96.343282800192,70.3305964441402,13.0814909386101,151210782.354901,NA,NA,NA,NA,NA,0.456204379562044
"129","LTU",1321,1248,1254,0.944738834216503,129,"Lithuania",0.000490223368271461,0.00461124819562862,0.000000421858589889433,0.00000369491041316396,0.000000390927725894307,5937000,132184.236173855,96494.4924069142,17947.975587686,207463158674.866,NA,NA,NA,NA,NA,0.949280847842544
"130","LUX",12,11,11,0.916666666666667,130,"Luxembourg",0.000000184542499420165,0.000219619436843012,0.000000000800141233840607,0.0000199654033493647,0.0000000167765908563786,7558,36.6980410948418,26.7895699992345,4.98286001985762,57597575.4983542,NA,NA,NA,NA,NA,0.916666666666667
"131","LVA",1060,1005,1007,0.94811320754717,131,"Latvia",0.00044335557555639,0.00199228362959048,0.000000102570755820423,0.0000019823717707368,0.000000440273659936832,3869264.60128247,32388.2662212077,23643.4343414816,4397.67878751558,50833383834.1855,NA,NA,NA,NA,NA,0.95
"132","MAC",1,0,0,0,132,"Macao",0.0000000484212995255364,0.0000245676546554879,0.0000000000245324760060153,Inf,Inf,662013,3214.41919546435,2346.52601268897,436.453838360149,5045030927.28129,NA,NA,NA,NA,NA,0
"133","MAF",24,18,18,0.75,133,"Saint-Martin",0.0000000167829500467292,0.0000011836097051632,0.0000000000000518265805286231,0.0000000657560947312889,0.000000000932386113707178,47182.2300403149,229.094392295019,167.238906375364,31.1064365858177,359563648.707033,NA,NA,NA,NA,NA,0.75
"134","MAR",14763,14009,11659,0.948926369979002,134,"Morocco",0.00113546884465975,0.0146402789945999,0.00000234994323497885,0.00000104506238807908,0.0000000973899000480101,152986551,757215.278809506,552767.153530939,102814.690556755,1188449380091.52,NA,NA,NA,NA,NA,0.789744631849895
"135","MCO",1,0,0,0,135,"Monaco",0.0000000286125120186539,0.00000000920722008720621,0.00000000000000000652399446199695,Inf,Inf,0,0,0,0,0,NA,NA,NA,NA,NA,0
"136","MDA",476,452,452,0.949579831932773,136,"Moldova",0.00000173729972990998,0.00436275671503883,0.000000362183370808102,0.0000096521166261921,0.00000000384358347325217,35086014,61630.2941716566,44990.1147453093,8368.16134262753,96728746702.415,NA,NA,NA,NA,NA,0.949579831932773
"137","MDG",37456,17237,16031,0.460193293464331,137,"Madagascar",0.00000435593473076238,0.00211932814544196,0.000000175877860290524,0.00000012295226231026,0.00000000027171946421074,34164447,56063.0524605521,40926.028296203,7612.24126309376,87990960836.8365,NA,NA,NA,NA,NA,0.427995514737292
"138","MDV",16736,1649,1649,0.0985301147227533,138,"Maldives",0.00000000659617316657824,0.00000000260822347374684,0.000000000000000000523770788786985,0.00000000000158170010536497,0.00000000000400010501308565,0,0,0,0,0,NA,NA,NA,NA,NA,0.0985301147227533
"139","MEX",105257,99972,93385,0.949789562689417,139,"Mexico",0.00179014116707482,0.0970213122535496,0.0000757290091284197,0.000000970484858295819,0.0000000191694722608001,346458365,3897692.05094825,2845315.19719222,529228.626677753,6117427673963.28,NA,NA,NA,NA,NA,0.887209401750002
"140","MHL",42212,2915,2915,0.069056192551881,140,"Marshall Islands",0.0000000245303221967767,0.00000000683068052990849,0.0000000000000000027966605819325,0.00000000000234328663118645,0.0000000000084152048702493,0,0,0,0,0,NA,NA,NA,NA,NA,0.069056192551881
"141","MKD",358,340,329,0.949720670391061,141,"Macedonia",0.000000139122428081156,0.00017694503986423,0.000000000603771533744175,0.000000520426587835971,0.000000000422864523043027,513000,827.360466374147,603.973140453127,112.339004124282,1298542251.97422,NA,NA,NA,NA,NA,0.918994413407821
"142","MLI",23314,18258,7531,0.783134597237711,142,"Mali",0.00000482151446859643,0.00245649560187854,0.000000351663894819217,0.000000134543520751371,0.00000000064022234345989,48587000,35352.3619873949,25807.2242507983,4800.14371064848,55485532139.2163,NA,NA,NA,NA,NA,0.32302479197049
"143","MLT",747,702,701,0.939759036144578,143,"Malta",0.00000649279258740292,0.0000511318009212153,0.000000000063850668466584,0.0000000728373232495944,0.00000000926218628730802,704857,4502.95420916013,3287.1565726869,611.411122519763,7067386631.27683,NA,NA,NA,NA,NA,0.938420348058902
"144","MMR",23961,20245,17398,0.844914652977755,144,"Myanmar",0.000179744475728381,0.00625319366198796,0.000000569065729433742,0.000000308875952679079,0.0000000103313297924118,217267000,1419594.32123114,1036303.85449873,192752.516936764,2228053287172.28,NA,NA,NA,NA,NA,0.726096573598765
"145","MNE",296,280,186,0.945945945945946,145,"Montenegro",0.0000020574982826383,0.0000534226434394121,0.000000000140386755282708,0.000000190795155140758,0.0000000110618187238618,176000,854.572007500947,623.837565475692,116.033787178479,1341250765.77274,NA,NA,NA,NA,NA,0.628378378378378
"146","MNG",30411,8236,0,0.270823057446319,146,"Mongolia",0.00000000414168636799668,0.000150480602611038,0.000000000271768795695531,0.0000000182710785103252,Inf,141300,256.339794423339,187.128049929038,34.805817286801,402325307.347431,NA,NA,NA,NA,NA,0
"147","MNP",14,13,13,0.928571428571429,147,"Northern Mariana Islands",0.000000000341385999075206,0.0000000000277458630080555,0.0000000000000000000000313059423514761,0.00000000000213429715446581,0.0000000000262604614673235,0,0,0,0,0,NA,NA,NA,NA,NA,0.928571428571429
"148","MOZ",22651,14907,12376,0.658116639441967,148,"Mozambique",0.00000771489040753618,0.00171806117774039,0.000000187706076379081,0.000000115251974088709,0.000000000623375113731107,5566000,50087.8612348117,36564.1387014125,6800.92979846273,78612898208.0369,NA,NA,NA,NA,NA,0.546377643371154
"149","MRT",24351,22986,5581,0.943944807194776,149,"Mauritania",0.000461045567481385,0.000474708085297298,0.00000000865821532395626,0.0000000206520527841859,0.000000082609849038055,2903569,4492.12949025132,3279.25452788346,609.941342186324,7050397234.94944,NA,NA,NA,NA,NA,0.229189766334031
"150","MSR",133,100,100,0.75187969924812,150,"Montserrat",0.0000000337363117663679,0.00000185450579425067,0.000000000000107133123600052,0.0000000185450579425067,0.000000000337363117663679,20416,99.1303528701099,72.3651575951802,13.4599193127035,155585088.829637,NA,NA,NA,NA,NA,0.75187969924812
"151","MTQ",24,21,12,0.875,151,"Martinique",0.0000000954542257434242,0.0000124842061473177,0.00000000000539945548629814,0.000000594486007015129,0.00000000795451881195202,326617,1161.3092321685,847.755739483002,157.682567543838,1822674839.88845,NA,NA,NA,NA,NA,0.5
"152","MUS",30189,2525,2462,0.0836397363278015,152,"Mauritius",0.00000066879878318885,0.000394999923461773,0.00000000725131279951128,0.000000156435613252187,0.000000000271648571563302,14709765,71423.5988972567,52139.2271949974,9697.89625826951,112099338469.244,NA,NA,NA,NA,NA,0.0815528835006128
"153","MWI",2045,1760,1547,0.860635696821516,153,"Malawi",0.00000312557016390645,0.00139457320908497,0.0000000614398216026398,0.000000792371141525551,0.00000000202040734577017,13019514,56739.883324929,41420.1148271981,7704.14135785885,89053246878.476,NA,NA,NA,NA,NA,0.756479217603912
"154","MYS",15284,14519,14501,0.949947657681235,154,"Malaysia",0.000520351925811469,0.0145470985267574,0.0000067228395779688,0.00000100193529352968,0.0000000358838649618281,184528908,2160681.42646543,1577297.44131977,293377.324085477,3391189498837.5,NA,NA,NA,NA,NA,0.948769955509029
"155","MYT",1230,117,117,0.0951219512195122,155,"Mayotte",0.00000000688955486951947,0.000000433826631307337,0.0000000000000129933283382279,0.00000000370791992570373,0.0000000000588850843548673,20605.0175489962,100.04813188317,73.0351362747143,13.5845353470969,157025542.990636,NA,NA,NA,NA,NA,0.0951219512195122
"156","NAM",30259,25917,13795,0.856505502495125,156,"Namibia",0.000255692376883084,0.000399301290732953,0.00000000233281424790711,0.0000000154069255983699,0.0000000185351487410717,3477170,12473.4724116245,9105.63486048591,1693.64808405038,19577114950.0447,NA,NA,NA,NA,NA,0.455897418949734
"157","NCL",27270,335,0,0.0122845617895123,157,"New Caledonia",0,0.0000167510161743638,0.00000000000823787962006508,0.0000000500030333563098,NA,326989,1587.70253500413,1159.02285055302,215.578250202861,2491899128.68899,NA,NA,NA,NA,NA,0
"158","NER",20586,18712,5855,0.908967259302439,158,"Niger",0.00000178223561432164,0.00257143218363353,0.000000344480027709995,0.000000137421557483622,0.000000000304395493479358,15021009,7613.53683627287,5557.88189047919,1033.76603162913,11949446064.5303,NA,NA,NA,NA,NA,0.284416593801613
"159","NFK",7368,893,893,0.121199782844734,159,"Norfolk Island",0.000000226454043478736,0.0000870753620446823,0.000000000548455459587536,0.0000000975088040813912,0.000000000253587954623445,0,0,0,0,0,NA,NA,NA,NA,NA,0.121199782844734
"160","NGA",20468,19154,19047,0.935802227867891,160,"Nigeria",0.000137871194879504,0.0130383399386575,0.00000583685742703457,0.00000068071107542328,0.00000000723847298154586,34612853,135179.144142967,98680.775224366,18354.6241917321,212163666732.387,NA,NA,NA,NA,NA,0.930574555403557
"161","NIC",5490,4001,3746,0.728779599271403,161,"Nicaragua",0.00000244855657187855,0.00322767535828584,0.000000211071893129191,0.00000080671716028139,0.000000000653645641184877,17292977,178601.305531698,130378.95303814,24250.485265094,280314749032,NA,NA,NA,NA,NA,0.682331511839709
"162","NIU",5879,311,311,0.0529001530872597,162,"Niue",0.000000000362795909926614,0.0000000000686550893384894,0.000000000000000000000371786581717175,0.00000000000022075591427167,0.00000000000116654633416918,14919,72.439544204015,52.8808672689309,9.83584131202115,113693864.628201,NA,NA,NA,NA,NA,0.0529001530872597
"163","NLD",1683,1596,1598,0.948306595365419,163,"Netherlands",0.00178200133469332,0.0083246434490965,0.000000991651477641134,0.00000521594201071209,0.00000111514476513975,59408000,1315187.8931698,960087.162013954,178576.212134595,2064187398330,NA,NA,NA,NA,NA,0.94949494949495
"164","NOR",40644,30634,28549,0.753715185513237,164,"Norway",0.0447956940647092,0.00238862590028384,0.0000000507769533963942,0.000000077973033240316,0.0000015690810208662,9580000,108314.886244837,79069.8669587311,14706.995254324,170000213961.272,2016,1233619.2,616809.6,122375.02464,875869632000,0.702416100777483
"165","NPL",2639,2472,2299,0.936718453959833,165,"Nepal",0.00000330187218133601,0.00459639565169405,0.000000496445040008698,0.00000185938335424517,0.00000000143622104451327,56277000,41499.198461348,30294.4148767841,5634.76116708184,65132991985.0857,NA,NA,NA,NA,NA,0.871163319439181
"166","NRU",6558,1275,1275,0.194419030192132,166,"Nauru",0.0000000054065466578922,0.00000000100775011737851,0.0000000000000000000632951051363447,0.000000000000790392248924322,0.000000000004240428751288,708,3.43771012108336,2.50952838839085,0.466772280240698,5395486.03504033,NA,NA,NA,NA,NA,0.194419030192132
"167","NZL",96736,87861,87189,0.908255458154152,167,"New Zealand",0.000417701882528369,0.00276980979814774,0.0000000636223957762752,0.000000031524906365142,0.00000000479076354274472,19078000,272513.729702083,198935.02268252,37001.9142189488,427710298767.419,2016,11451,5725.5,1135.9392,8130210000,0.901308716506781
"168","OMN",14718,8446,4417,0.57385514336187,168,"Oman",0.0000785666868300681,0.000375716020838418,0.00000000214063594346485,0.0000000444844921665188,0.0000000177873413697234,3514701,17065.7107348613,12457.9688364487,2317.18220357947,26784632998.3648,NA,NA,NA,NA,NA,0.300108710422612
"169","PAK",17911,16994,14562,0.948802411925632,169,"Pakistan",0.000120432771215479,0.128483324202608,0.000584891421821504,0.00000756051101580605,0.00000000827034550305446,357051806,1455482.10233865,1062501.93470722,197625.359855542,2284379159620.51,NA,NA,NA,NA,NA,0.813019931885434
"170","PAN",6170,2320,2208,0.376012965964344,170,"Panama",0.0000649386568848815,0.0015910994318594,0.000000035812534270682,0.000000685818720629052,0.0000000294106235891673,21013000,252905.297204939,184620.866959605,34339.4812544866,396934863963.152,NA,NA,NA,NA,NA,0.357860615883306
"171","PCN",13104,1663,1663,0.126907814407814,171,"Pitcairn Islands",0.00000000119577668791042,0.00000000022223598587571,0.00000000000000000000393238615698256,0.000000000000133635589823037,0.000000000000719047918166218,0,0,0,0,0,NA,NA,NA,NA,NA,0.126907814407814
"172","PER",34169,31504,21664,0.92200532646551,172,"Peru",0.0110027987051137,0.0190784644315199,0.00000280648118251796,0.000000605588637364141,0.000000507883987496016,133510922,1819251.88413727,1328053.8754202,247018.020828158,2855315832153.44,NA,NA,NA,NA,NA,0.634024993415084
"173","PHL",29001,27550,27535,0.949967242508879,173,"Philippines",0.000503906503237751,0.0137543875090329,0.00000182109490810562,0.000000499251815209906,0.0000000183005811962139,88792807,1283709.29452463,937107.785002978,174302.048010554,2014781737756.4,NA,NA,NA,NA,NA,0.949450018964863
"174","PLW",10111,1680,1679,0.166155672040352,174,"Palau",0.000000740197763874617,0.0000000844733720057808,0.000000000000000324412072241319,0.00000000005028176905106,0.000000000440856321545335,642.501627575453,3.11968128238512,2.27736733614114,0.423590324522251,4896339.77270344,NA,NA,NA,NA,NA,0.166056769854614
"175","PNG",48511,9447,1781,0.194739337469852,175,"Papua New Guinea",0.00000179978536377632,0.0000965219797771659,0.000000000315529719563768,0.000000010217209672612,0.00000000101054764950944,2854898,7675.29100895328,5602.9624365359,1042.15101319568,12046369238.5522,NA,NA,NA,NA,NA,0.0367133227515409
"176","POL",5900,5605,5605,0.95,176,"Poland",0.000510052468073696,0.024040226524914,0.0000059046468469565,0.00000428906806867333,0.00000009099954827363,121960000,2579612.51942418,1883117.13917965,350259.787887415,4048701849236.25,NA,NA,NA,NA,NA,0.95
"177","PRI",218,205,199,0.940366972477064,177,"Puerto Rico",0.000000161550687853237,0.000437659634788121,0.00000000945950935737942,0.00000213492504774693,0.00000000081181250177506,13976947,55452.8484157393,40480.5793434897,7529.38775788909,87033245588.5029,NA,NA,NA,NA,NA,0.912844036697248
"178","PRK",3536,2706,1334,0.76527149321267,178,"North Korea",0.0000163251593857965,0.00124380524799789,0.0000000361211042520138,0.000000459647172209124,0.0000000122377506640154,2650556.07597348,23473.8322279268,17135.8975263866,3187.2769399079,36842179681.7311,NA,NA,NA,NA,NA,0.377262443438914
"179","PRT",27572,23389,23389,0.848288118380966,179,"Portugal",0.000161891522998493,0.00205374459980359,0.0000000608852007599613,0.0000000878081405705071,0.00000000692169494200235,2950000,383337.945504303,279836.700218141,52049.6262405743,601648905469.004,NA,NA,NA,NA,NA,0.848288118380966
"180","PRY",5561,5282,4232,0.949829167415932,180,"Paraguay",0.000482229700249046,0.0234818008581631,0.0000145909046442282,0.00000444562681903883,0.000000113948416883045,9384169,25879.9247669773,18892.3450798935,3513.97618486018,40618541921.7709,NA,NA,NA,NA,NA,0.761014206078043
"181","PSE",43,40,0,0.930232558139535,181,"Palestina",0.000000306796450571762,0.000232762379349549,0.00000000199054566227046,0.00000581905948373872,Inf,6214493,30174.6122648329,22027.466953328,4097.10885331901,47359053949.6552,NA,NA,NA,NA,NA,0
"182","PYF",88407,12165,12165,0.137602226068072,182,"French Polynesia",0.0000000434186520047524,0.00000000431607410345978,0.00000000000000000100709559221376,0.000000000000354794418697886,0.00000000000356914525316501,167090,811.309299621212,592.255788723485,110.159576702568,1273349945.75549,NA,NA,NA,NA,NA,0.137602226068072
"183","QAT",572,532,532,0.93006993006993,183,"Qatar",0.0000137755415597214,0.000116557715884991,0.000000000309582596851813,0.000000219093450911637,0.0000000258938751122583,8753364,12274.0701669443,8960.07122186935,1666.5732472677,19264153127.0191,NA,NA,NA,NA,NA,0.93006993006993
"184","REU",5741,620,620,0.107995122800906,184,"Reunion",0.00000000360043948748186,0.000333627257354559,0.00000000655995797401405,0.000000538108479604127,0.00000000000580716046368042,16262348,78962.2010059035,57642.4067343096,10721.4876525816,123931174478.766,NA,NA,NA,NA,NA,0.107995122800906
"185","ROU",4799,4556,4480,0.949364450927277,185,"Romania",0.0000237662201873494,0.0124790930980843,0.00000153122352108444,0.00000273904589510191,0.00000000530495986324763,39623000,513232.429950215,374659.673863657,69686.6993386402,805518298806.862,NA,NA,NA,NA,NA,0.933527818295478
"186","RUS",461176,358183,137171,0.776673113952157,186,"Russia",0.00222588571596435,0.128536801582128,0.000395463990892221,0.000000358857906662594,0.0000000162270867454808,295581739,5155745.4435231,3763694.17377186,700047.116321566,8091942473609.5,NA,NA,NA,NA,NA,0.297437420854511
"187","RWA",280,266,256,0.95,187,"Rwanda",0.000000707654443591863,0.000312896245817956,0.00000000408404161051529,0.00000117630167600735,0.00000000276427517028071,3811517,10759.4702633394,7854.41329223779,1460.92087235623,16886988578.3112,NA,NA,NA,NA,NA,0.914285714285714
"188","SAU",41526,38652,11757,0.930790348215576,188,"Saudi Arabia",0.000345667885484286,0.0194577649127751,0.00000795917384983267,0.000000503409006332793,0.0000000294010279394647,165383714,810876.905733401,591940.141185383,110100.866260481,1272671303548.57,NA,NA,NA,NA,NA,0.2831238260367
"189","SDN",32266,28255,10457,0.875689580363231,189,"Sudan",0.000144676506031073,0.0283082826184416,0.0000240727627185962,0.00000100188577662154,0.0000000138353740108131,38295594,67691.9180754612,49415.1001950867,9191.20863628612,106242465419.436,NA,NA,NA,NA,NA,0.324087274530465
"190","SEN",5574,5173,5048,0.928058844635809,190,"Senegal",0.000186706504045783,0.00147830689393546,0.0000000497442827099879,0.000000285773611818183,0.0000000369862329726195,49177998,77064.0484294817,56256.7553535217,10463.756495755,120952024010.072,NA,NA,NA,NA,NA,0.905633297452458
"191","SGP",1,0,0,0,191,"Singapore",0.00000236227089515955,0.000402695775415671,0.0000000061126790584036,Inf,Inf,1133415,128945.590115255,94130.2807841359,17508.2322258493,202380103685.892,NA,NA,NA,NA,NA,0
"192","SHN",8441,1140,1136,0.135055088259685,192,"Saint Helena",0.0000000981168647175697,0.000000143908600527803,0.000000000000000689571833093713,0.000000000126235614498073,0.0000000000863704795049029,5688,27.6182135151443,20.1612958660553,3.75000103108629,43346786.1120189,NA,NA,NA,NA,NA,0.134581210757019
"193","SJM",313,11,11,0.0351437699680511,193,"Svalbard and Jan Mayen",0.0000364856569857509,0.00000170884307507746,0.000000000000203215811576437,0.000000155349370461587,0.00000331687790779554,0,0,0,0,0,NA,NA,NA,NA,NA,0.0351437699680511
"194","SLB",29339,1757,1145,0.0598861583557722,194,"Solomon Islands",0.000000496294740494666,0.00000661232337982989,0.00000000000257607165907274,0.00000000376341683541826,0.000000000433445188204948,86675,265.828418053887,194.054745179337,36.0941826033568,417217702.135576,NA,NA,NA,NA,NA,0.0390265516888783
"195","SLE",4013,2446,2443,0.609519063045103,195,"Sierra Leone",0.0000779717889361359,0.000273210562420495,0.00000000214056982899328,0.000000111696877522688,0.0000000319164097159787,7052502,15528.4623344766,11335.7775041679,2108.45461577523,24371921633.961,NA,NA,NA,NA,NA,0.608771492648891
"196","SLV",1919,594,594,0.309536216779573,196,"El Salvador",0.000000479749352896977,0.00219476579998025,0.0000000446039553614539,0.00000369489191915867,0.000000000807658843260904,10638924,170008.952470882,124106.535303744,23083.8155664964,266829050903.049,NA,NA,NA,NA,NA,0.309536216779573
"197","SMR",12,11,11,0.916666666666667,197,"San Marino",0.00000000166267665035017,0.0000102676626163767,0.00000000000772971459064765,0.000000933423874216064,0.000000000151152422759106,305942.385830889,1485.51022067689,1084.42246109413,201.702577763508,2331508291.35238,NA,NA,NA,NA,NA,0.916666666666667
"198","SOM",20883,9927,4045,0.47536273523919,198,"Somalia",0.00000104266797594889,0.000835020333289064,0.0000000270911052129355,0.0000000841160807181489,0.000000000257767113955226,2830919,4500.67162188598,3285.49028397677,611.101192819679,7063804110.55005,NA,NA,NA,NA,NA,0.19369822343533
"199","SPM",101,87,87,0.861386138613861,199,"Saint Pierre and Miquelon",0.000000366377456389624,0.00000138807162350883,0.000000000000117678484002161,0.0000000159548462472279,0.00000000421123513091522,36842,178.887169888352,130.587634018497,24.2892999274404,280763413.139768,NA,NA,NA,NA,NA,0.861386138613861
"200","SRB",1120,1064,1064,0.95,200,"Serbia",0.00000143078307554032,0.00380183736301462,0.00000020603560308467,0.00000357315541636712,0.0000000013447209356582,6577000,31934.773257578,23312.384478032,4336.10351291394,50121626627.7687,NA,NA,NA,NA,NA,0.95
"201","SSD",7095,6434,4888,0.906835799859056,201,"South Sudan",0.00000107218713474645,0.00313776463884693,0.000000614103516309213,0.000000487684898794984,0.000000000219350886813922,10427106,23281.7387742459,16995.6693051995,3161.19449076711,36540689006.1789,NA,NA,NA,NA,NA,0.688935870331219
"202","STP",2106,918,918,0.435897435897436,202,"São Tomé and Príncipe",0.00000189759469922619,0.00000609772439038314,0.000000000000690355014976938,0.00000000664240129671366,0.00000000206709662225075,154750,441.778205267711,322.498089845429,59.9846447112498,693370893.167673,NA,NA,NA,NA,NA,0.435897435897436
"203","SUR",4910,2725,506,0.554989816700611,203,"Suriname",0.0000000783526386692133,0.00013547664800248,0.000000000603030637468452,0.0000000497162011018275,0.000000000154847111994493,3616000,10402.3997424311,7593.75181197469,1412.43783702729,16326566395.7456,NA,NA,NA,NA,NA,0.103054989816701
"204","SVK",580,551,551,0.95,204,"Slovakia",0.00000191536926582368,0.00279660843130261,0.0000000773478125125458,0.0000050755143943786,0.00000000347616926646766,6469000,77604.5345064541,56651.3101897115,10537.1436952863,121800316907.88,NA,NA,NA,NA,NA,0.95
"205","SVN",282,267,246,0.946808510638298,205,"Slovenia",0.00000041336473210484,0.000502367862686243,0.00000000239663367772937,0.00000188152757560391,0.00000000168034443945057,1761000,75652.4752377263,55226.3069235402,10272.0930877785,118736559885.611,NA,NA,NA,NA,NA,0.872340425531915
"206","SWE",9742,8990,5903,0.922808458222131,206,"Sweden",0.00232660801908476,0.00203506923529881,0.0000000508616656064844,0.000000226370326507098,0.000000394139932082799,1575000,186815.254358169,136375.135681464,25365.7752367522,293206541715.147,NA,NA,NA,NA,NA,0.605933073290905
"207","SWZ",240,228,218,0.95,207,"Swaziland",0.0000000159459095374042,0.000241245898866483,0.00000000196841528681185,0.00000105809604766001,0.0000000000731463740247899,3602656,7791.25643117658,5687.6171947589,1057.89679822516,12228376968.7316,NA,NA,NA,NA,NA,0.908333333333333
"208","SXM",5,4,4,0.8,208,"Sint Maarten",0,0,0,0,0,0,0,0,0,0,NA,NA,NA,NA,NA,0.8
"209","SYC",24614,2438,2438,0.0990493215243357,209,"Seychelles",0.000000124266983413427,0.0000000419531342342901,0.000000000000000114893676181189,0.0000000000172080124012675,0.0000000000509708709653105,46018,223.441446824878,163.112256182161,30.338879649882,350691350.791647,NA,NA,NA,NA,NA,0.0990493215243357
"210","SYR",2779,2640,1505,0.949982007916517,210,"Syria",0.00000620395648564296,0.00389895657164503,0.000000352163465155241,0.00000147687748925948,0.00000000412223022301858,5610908,139648.279344093,101943.243921188,18961.443369341,219177974430.554,NA,NA,NA,NA,NA,0.541561712846348
"211","TCA",2130,373,373,0.175117370892019,211,"Turks and Caicos Islands",0.0000000410814783590473,0.0000000160117467807485,0.0000000000000000189483215636978,0.0000000000429269350690308,0.000000000110138011686454,0,0,0,0,0,NA,NA,NA,NA,NA,0.175117370892019
"212","TCD",22512,19346,7334,0.859363894811656,212,"Chad",0.00000264131238274586,0.00163814760203018,0.000000157142285890188,0.0000000846762949462514,0.000000000360146220718007,4793349,815.268949909419,595.146333433876,110.697218018701,1279564616.88283,NA,NA,NA,NA,NA,0.325781805259417
"213","TGO",576,544,542,0.944444444444444,213,"Togo",0.0000101565593068321,0.00170878786047886,0.000000108650521594995,0.00000314115415529202,0.0000000187390393114983,26711524,43551.0036949729,31792.2326973302,5913.35528170342,68353300299.26,NA,NA,NA,NA,NA,0.940972222222222
"214","THA",11049,10488,10495,0.949226174314418,214,"Thailand",0.000190211271986429,0.0260228084647127,0.0000060745063859422,0.00000248119836620068,0.0000000181239897080923,180876474,1927911.71805525,1407375.55418033,261771.853077541,3025857441487.71,NA,NA,NA,NA,NA,0.949859715811386
"215","TJK",1494,1353,513,0.905622489959839,215,"Tajikistan",0.00000481934815950726,0.00063937113795293,0.0000000150738469565505,0.000000472558121177332,0.0000000093944408567393,2298000,11157.9913252112,8145.3336674042,1515.03206213718,17512467384.919,NA,NA,NA,NA,NA,0.343373493975904
"216","TKL",5036,827,827,0.164217633042097,216,"Tokelau",0.0000000374908480422257,0.0000000291856793297436,0.0000000000000000627578270611306,0.0000000000352910270008992,0.0000000000453335526508170,2858,13.8770840763506,10.1302713757359,1.88423047588689,21780083.4578323,NA,NA,NA,NA,NA,0.164217633042097
"217","TKM",7109,6676,463,0.939091292727528,217,"Turkmenistan",0.00000523360642840078,0.0107978195789046,0.00000446311952463316,0.00000161740856484491,0.0000000113036855904984,12902338,22169.1072258418,16183.4482748645,3010.1213791248,34794413790.9587,NA,NA,NA,NA,NA,0.0651287100858067
"218","TLS",754,530,348,0.702917771883289,218,"Timor-Leste",0.00000852995732204241,0.000108668638164123,0.000000000285029737730444,0.000000205035166347402,0.0000000245113716150644,803112,872.9397130779,637.245990546867,118.527754241717,1370078879.67576,NA,NA,NA,NA,NA,0.461538461538462
"219","TON",10607,526,510,0.0495898934665787,219,"Tonga",0.0000000129981573711022,0.00000887155551698685,0.00000000000238765001813898,0.0000000168660751273514,0.0000000000254865830805925,261878,1271.55459193371,928.234852111609,172.651682492759,1995704932.03996,NA,NA,NA,NA,NA,0.0480814556425002
"220","TTO",1208,1134,1134,0.938741721854305,220,"Trinidad and Tobago",0.00000247039643819977,0.000795842003808503,0.0000000331587444685464,0.00000070180070882584,0.0000000021784801042326,36115433,79996.4565223063,58397.4132612836,10861.9188665987,125554438511.76,NA,NA,NA,NA,NA,0.938741721854305
"221","TUN",4285,4061,3237,0.947724620770128,221,"Tunisia",0.0000272211996345698,0.00365252543714229,0.000000358068203921529,0.000000899415276321667,0.00000000840939129890942,66757114,153536.36916977,112081.549493932,20847.1682058714,240975331411.954,NA,NA,NA,NA,NA,0.755425904317386
"222","TUR",16045,15241,15242,0.949890931754441,222,"Turkey",0.000484928663813475,0.0597493515130456,0.0000344087751295111,0.00000392030388511552,0.0000000318152908944676,220322000,2450238.65598598,1788674.21886977,332693.404709777,3845649570570,NA,NA,NA,NA,NA,0.949953256466189
"223","TUV",12626,1208,1208,0.0956755900522731,223,"Tuvalu",0.000000237344636866142,0.0000000215328895332514,0.0000000000000000349776787503487,0.0000000000178252396798439,0.000000000196477348399124,42709,207.374521979307,151.383401044894,28.1573125943502,325474312.246522,NA,NA,NA,NA,NA,0.0956755900522731
"224","TWN",5298,4201,4199,0.792940732351831,224,"Taiwan",0.000102748050118388,0.00354396016305553,0.000000373679329026888,0.00000084359918187468,0.0000000244696475633217,51705000,485191.794509982,354190.009992287,65879.3418585653,761508521483.416,NA,NA,NA,NA,NA,0.792563231408078
"225","TZA",17335,15491,13188,0.893625612921834,225,"Tanzania",0.0000290976540146321,0.00271473917654972,0.000000308732292564899,0.00000017524621887223,0.00000000220637352249258,21226049,104994.420025067,76645.9266182987,14256.1423510036,164788742229.342,NA,NA,NA,NA,NA,0.760773002595904
"226","UGA",3132,2815,2812,0.898786717752235,226,"Uganda",0.00000480887702413783,0.00103867779223702,0.0000000314779345802595,0.000000368979677526472,0.00000000171012696448714,27844012,45827.3698268158,33453.9799735755,6222.44027508505,71926056943.1874,NA,NA,NA,NA,NA,0.897828863346105
"227","UKR",10796,10255,10246,0.949888847721378,227,"Ukraine",0.000122661893208852,0.0438004916660771,0.0000246283348619763,0.00000427113521853507,0.0000000119716858489998,95497779,1114660.25884169,813701.988954436,151348.569945525,1749459276252.04,NA,NA,NA,NA,NA,0.949055205631715
"228","URY",4064,3857,3860,0.949064960629921,228,"Uruguay",0.000787290162894487,0.00771361480876308,0.0000014899822149088,0.00000199990013190642,0.000000203961182097017,33692000,42442.6384370661,30983.1260590583,5762.86144698484,66613721026.9753,NA,NA,NA,NA,NA,0.949803149606299
"229","USA",208227,163628,146780,0.785815480221105,229,"United States",0.00383010392936505,0.753097024196862,0.00624291310213558,0.00000460249483093885,0.0000000260941812874033,1605666987,24718896.4461718,18044794.4057054,3356331.75946121,38796307972266.7,NA,NA,NA,NA,NA,0.704903782890787
"230","UZB",5640,5278,1439,0.935815602836879,230,"Uzbekistan",0.0000318946785218416,0.00746948330146948,0.000000867751988747187,0.00000141521093244969,0.0000000221644743028781,31998514,32815.8059045647,23955.5383103323,4455.7301257218,51504407367.2144,NA,NA,NA,NA,NA,0.255141843971631
"231","VCT",547,502,503,0.917733089579525,231,"Saint Vincent and the Grenadines",0.0000000219109068761782,0.00000800491444578398,0.00000000000178558044253852,0.0000000159460447127171,0.0000000000435604510460799,206000,477.174938602085,348.337705179522,64.7908131633911,748926066.135972,NA,NA,NA,NA,NA,0.919561243144424
"232","VEN",20424,17989,15909,0.880777516647082,232,"Venezuela",0.0000428016846899585,0.0126125656097041,0.00000254021491180904,0.000000701126555656462,0.00000000269040698283729,111444917,787908.400689394,575173.132503257,106982.202645606,1236622234882,NA,NA,NA,NA,NA,0.778936545240893
"233","VGB",1832,709,709,0.387008733624454,233,"British Virgin Islands",0.000000367017904341742,0.00000142373807169305,0.000000000000062916991574877,0.00000000200809318997609,0.000000000517655718394559,139584.631046156,677.756354371547,494.762138691229,92.0257577965686,1063738598.18614,NA,NA,NA,NA,NA,0.387008733624454
"234","VIR",7,4,0,0.571428571428571,234,"Virgin Islands, U.S.",0.00000000482153264496062,0.00000183773824614623,0.000000000000281105476830086,0.000000459434561536557,Inf,31775,154.28423601331,112.627492289716,20.9487135658873,242149108.42289,NA,NA,NA,NA,NA,0
"235","VNM",12199,4934,4812,0.404459381916551,235,"Vietnam",0.0000324359545661171,0.0103744676505931,0.00000087868582498245,0.00000210264849018912,0.00000000674063893726457,213851000,1038358.39986412,758001.631900807,140988.30353355,1629703508586.74,NA,NA,NA,NA,NA,0.394458562177228
"236","VUT",10926,456,444,0.0417353102690829,236,"Vanuatu",0.000000142487021889019,0.0000363292794386326,0.000000000023460641713872,0.0000000796694724531417,0.000000000320916715966259,706221,1333.67059638934,973.579535364217,181.085793577744,2093196001.03307,NA,NA,NA,NA,NA,0.0406370126304228
"237","WLF",2438,19,19,0.00779327317473339,237,"Wallis and Futuna",0.000000000034345592843637,0.00000000000758663263925327,0.00000000000000000000000410728296417615,0.000000000000399296454697541,0.00000000000180766278124405,54976,266.937219797569,194.864170452225,36.2447357041139,418957966.472284,NA,NA,NA,NA,NA,0.00779327317473339
"238","WSM",1811,218,217,0.120375483158476,238,"Samoa",0.000000017639806044686,0.00000789995732147254,0.00000000000219660482838598,0.00000003623833633703,0.0000000000812894287773548,421736,2047.74875088307,1494.85658814464,278.043325394903,3213941664.51097,NA,NA,NA,NA,NA,0.11982330204307
"239","XKO",92,87,0,0.945652173913043,239,"Kosovo",0.00000000120758231906954,0.0000451525428837137,0.0000000000282899703988948,0.000000518994745789813,Inf,281800.272706801,1368.28764068958,998.849977703392,185.786095852831,2147527452.06229,NA,NA,NA,NA,NA,0
"240","XMI",9689,9178,9202,0.947259779130973,240,"Madeira Island",0.0000130139636483934,0.00000135704398750899,0.000000000000134119183269817,0.000000000147858355579537,0.00000000141425381964719,7323.3583381537,35.5587331629819,25.9578752089768,4.82816478886968,55809431.6993001,NA,NA,NA,NA,NA,0.949736814944783
"241","YEM",14162,7793,5800,0.550275384832651,241,"Yemen",0.0000436764378716661,0.0115045944719304,0.00000348469431242764,0.00000147627286948934,0.00000000753042032270105,54400000,264140.438682111,192822.520237941,35864.988764257,414568418511.573,NA,NA,NA,NA,NA,0.40954667419856
"242","ZAF",39358,37364,32384,0.949336856547589,242,"South Africa",0.000442594613526093,0.0237705745898834,0.00000553477305123659,0.000000636189235357119,0.0000000136670767516704,132754934,2119985.95942814,1547589.75038254,287851.693571153,3327317963322.46,NA,NA,NA,NA,NA,0.822806036892119
"243","ZMB",9129,8671,7322,0.949830211414175,243,"Zambia",0.00000142942813449299,0.00229005224427302,0.0000000840238825588378,0.000000264104745043596,0.000000000195223727737365,28939953,140518.600751097,102578.578548301,19079.6156099839,220543943878.847,NA,NA,NA,NA,NA,0.802059371234527
"244","ZWE",6944,6596,6555,0.949884792626728,244,"Zimbabwe",0.00000153622302775067,0.00174591072732612,0.000000185394229299026,0.000000264692347987586,0.000000000234358966857463,18129531,88028.3505779583,64260.6959219096,11952.4894414752,138160496232.106,NA,NA,NA,NA,NA,0.943980414746544
"245","RUS",NA,NA,NA,NA,NA,"Russian Federation",NA,NA,NA,NA,NA,NA,NA,NA,NA,NA,2016,12857,6428.5,1275.4144,9128470000,NA
"246","USA",NA,NA,NA,NA,NA,"United States of America",NA,NA,NA,NA,NA,NA,NA,NA,NA,NA,2016,16185,8092.5,1605.552,11491350000,NA
