"","iso3c","country","system","crop_cpi","crop_tonnes","fofm","fofm_cpi","fofm_tonnes","feed_tonnes","feed_cpi","cpi_per_tonne"
"1","ABW","Aruba","feed_marine_salmon_aquaculture_meat",0,0,"fofm",0.000000151144722207886,16.1203726563402,16.1203726563402,0.000000151144722207886,0.00000000937600671088954
"2","AFG","Afghanistan","feed_marine_salmon_aquaculture_meat",0.000000344570952725486,31.6219524948836,"fofm",0,0,31.6219524948836,0.000000344570952725486,0.0000000108965742321331
"3","AGO","Angola","feed_marine_salmon_aquaculture_meat",0.00000000582806243234131,1.10899371351125,"fofm",0.000134270387099918,15672.3703055589,15673.4792992724,0.00013427621516235,0.00000000856709685185112
"4","AIA","Anguilla","feed_marine_salmon_aquaculture_meat",0,0,"fofm",0.0000000109796047659581,0.890834911444004,0.890834911444004,0.0000000109796047659581,0.000000012325072384243
"5","ALA","Åland","feed_marine_salmon_aquaculture_meat",0,0,"fofm",0.00000277701147346635,333.389419137227,333.389419137227,0.00000277701147346635,0.00000000832963289792738
"6","ALB","Albania","feed_marine_salmon_aquaculture_meat",0.000000059422478758387,40.8481195311587,"fofm",0.00000049578149589197,34.289775527386,75.1378950585447,0.000000555203974650357,0.00000000738913399447459
"7","ARE","United Arab Emirates","feed_marine_salmon_aquaculture_meat",0.000000000985591990749926,0.155710993139171,"fofm",0.00000567000736036282,457.201259763593,457.356970756732,0.00000567099295235357,0.0000000123994894906062
"8","ARG","Argentina","feed_marine_salmon_aquaculture_meat",0.000388361609656278,283849.326983657,"fofm",0.000244932618875349,8763.17048974489,292612.497473402,0.000633294228531627,0.00000000216427607843097
"9","ARM","Armenia","feed_marine_salmon_aquaculture_meat",0.00000000575292046172053,1.10357372117516,"fofm",0,0,1.10357372117516,0.00000000575292046172053,0.00000000521299153045655
"10","ASM","American Samoa","feed_marine_salmon_aquaculture_meat",0,0,"fofm",0.000000447689160947014,24.0519288952992,24.0519288952992,0.000000447689160947014,0.0000000186134410631204
"11","ATG","Antigua and Barbuda","feed_marine_salmon_aquaculture_meat",0.00000000313719508038571,0.259254048598149,"fofm",0.0000000202365351101338,1.7507228991472,2.00997694774535,0.0000000233737301905195,0.0000000116288548566383
"12","AUS","Australia","feed_marine_salmon_aquaculture_meat",0.000154910808779342,48563.9390548158,"fofm",0.0000649290043237547,3840.73634243364,52404.6753972495,0.000219839813103097,0.00000000419504197739263
"13","AUT","Austria","feed_marine_salmon_aquaculture_meat",0.00000266785267725825,1534.50057343412,"fofm",0,0,1534.50057343412,0.00000266785267725825,0.00000000173858043681779
"14","AZE","Azerbaijan","feed_marine_salmon_aquaculture_meat",0.000000557104648298487,128.202811747506,"fofm",0,0,128.202811747506,0.000000557104648298487,0.00000000434549477273322
"15","BEL","Belgium","feed_marine_salmon_aquaculture_meat",0.0000244782566178898,5847.27886412429,"fofm",0.000050269378525602,1127.30040896921,6974.57927309349,0.0000747476351434918,0.0000000107171532814679
"16","BEN","Benin","feed_marine_salmon_aquaculture_meat",0.000000852610952623425,589.329232459764,"fofm",0.00000238764745569662,226.351289308252,815.680521768016,0.00000324025840832005,0.00000000397246019960937
"17","BES","Bonaire, Sint Eustatius and Saba","feed_marine_salmon_aquaculture_meat",0,0,"fofm",0.000000170275389940334,14.7922724113505,14.7922724113505,0.000000170275389940334,0.0000000115111042580366
"18","BFA","Burkina Faso","feed_marine_salmon_aquaculture_meat",0.00000132970445404882,689.061037470603,"fofm",0,0,689.061037470603,0.00000132970445404882,0.0000000019297339157789
"19","BGD","Bangladesh","feed_marine_salmon_aquaculture_meat",0.000000213021666274916,191.322726231211,"fofm",0.0000451757016381846,4380.68192779133,4572.00465402255,0.0000453887233044596,0.00000000992753217443154
"20","BGR","Bulgaria","feed_marine_salmon_aquaculture_meat",0.0000132647668879867,9026.96668690828,"fofm",0.00000280595825847459,105.138905697205,9132.10559260548,0.0000160707251464613,0.00000000175980500701549
"21","BHR","Bahrain","feed_marine_salmon_aquaculture_meat",0,0,"fofm",0.00000371296491942249,306.668810942005,306.668810942005,0.00000371296491942249,0.0000000121074096450084
"22","BHS","Bahamas","feed_marine_salmon_aquaculture_meat",0,0,"fofm",0.000000310092226946825,27.6531642903696,27.6531642903696,0.000000310092226946825,0.0000000112136254531571
"23","BIH","Bosnia and Herzegovina","feed_marine_salmon_aquaculture_meat",0.0000000730273664752162,42.3734009464075,"fofm",0.000000232741623369461,23.891791463768,66.2651924101755,0.000000305768989844677,0.00000000461432282505112
"24","BLM","Saint-Barthélemy","feed_marine_salmon_aquaculture_meat",0,0,"fofm",0.0000000000458645968251016,0.00340507250667646,0.00340507250667646,0.0000000000458645968251016,0.0000000134694919814991
"25","BLR","Belarus","feed_marine_salmon_aquaculture_meat",0.0000476994034101244,12586.6869349839,"fofm",0,0,12586.6869349839,0.0000476994034101244,0.00000000378967107520143
"26","BLZ","Belize","feed_marine_salmon_aquaculture_meat",0.0000000383005069145394,1.06933278915703,"fofm",0.000000136526499088687,8.99528427576882,10.0646170649258,0.000000174827006003226,0.0000000173704578003748
"27","BMU","Bermuda","feed_marine_salmon_aquaculture_meat",0,0,"fofm",0.0000000868044064429475,8.42405547292632,8.42405547292632,0.0000000868044064429475,0.0000000103043488640268
"28","BOL","Bolivia","feed_marine_salmon_aquaculture_meat",0.0000526527258821805,28687.3984169858,"fofm",0,0,28687.3984169858,0.0000526527258821805,0.00000000183539563667805
"29","BRA","Brazil","feed_marine_salmon_aquaculture_meat",0.000293269160042323,275964.070666846,"fofm",0.000368062508341256,22406.799735335,298370.870402181,0.000661331668383578,0.00000000221647531306308
"30","BRB","Barbados","feed_marine_salmon_aquaculture_meat",0.000000000000000289507473156218,0.00000011588855654223,"fofm",0.000000186422921555491,14.5816481318309,14.5816482477195,0.000000186422921844999,0.0000000127847633325097
"31","BRN","Brunei","feed_marine_salmon_aquaculture_meat",0,0,"fofm",0.00000274350963525874,247.925400601682,247.925400601682,0.00000274350963525874,0.0000000110658675093419
"32","CAF","Central African Republic","feed_marine_salmon_aquaculture_meat",0.000000182620621220331,120.303630310257,"fofm",0,0,120.303630310257,0.000000182620621220331,0.00000000151799759283541
"33","CAN","Canada","feed_marine_salmon_aquaculture_meat",0.000556585025147455,321530.384580047,"fofm",0.0000541129636001536,6011.35268997167,327541.737270018,0.000610697988747609,0.00000000186448906889739
"34","CCK","Cocos Islands","feed_marine_salmon_aquaculture_meat",0,0,"fofm",0.000000414062814584779,39.4514798526216,39.4514798526216,0.000000414062814584779,0.0000000104954951279797
"35","CHE","Switzerland","feed_marine_salmon_aquaculture_meat",0.000000261606840953339,115.508118378031,"fofm",0,0,115.508118378031,0.000000261606840953339,0.00000000226483510100269
"36","CHL","Chile","feed_marine_salmon_aquaculture_meat",0.000944700849415504,370222.488348741,"fofm",0.000543306842963199,69231.2050953607,439453.693444101,0.0014880076923787,0.0000000033860397911708
"37","CHN","China","feed_marine_salmon_aquaculture_meat",0.000107474111448457,57410.624937214,"fofm",0.000485684841396556,15961.1293100762,73371.7542472903,0.000593158952845013,0.00000000808429563842572
"38","CIV","Côte d'Ivoire","feed_marine_salmon_aquaculture_meat",0.000000397059952692041,201.833810864719,"fofm",0.00000349626554831813,347.509138073308,549.342948938027,0.00000389332550101017,0.00000000708724032689711
"39","CMR","Cameroon","feed_marine_salmon_aquaculture_meat",0.000000912986494073247,584.160548999123,"fofm",0.0000328712589362713,3806.44907266336,4390.60962166248,0.0000337842454303445,0.00000000769465936203007
"40","COD","Democratic Republic of the Congo","feed_marine_salmon_aquaculture_meat",0.000000786129960650672,321.88250507975,"fofm",0.00000231982531714336,253.741159840828,575.623664920578,0.00000310595527779403,0.00000000539580887144828
"41","COG","Republic of Congo","feed_marine_salmon_aquaculture_meat",0,0,"fofm",0.00000357904164726177,306.697603827693,306.697603827693,0.00000357904164726177,0.0000000116696107259858
"42","COK","Cook Islands","feed_marine_salmon_aquaculture_meat",0,0,"fofm",0.000000087254225770765,8.46788011070642,8.46788011070642,0.000000087254225770765,0.0000000103041404259426
"43","COL","Colombia","feed_marine_salmon_aquaculture_meat",0.000000957994952334297,171.42698073514,"fofm",0.00000168644545022197,169.535700617909,340.962681353049,0.00000264444040255627,0.00000000775580597871382
"44","COM","Comoros","feed_marine_salmon_aquaculture_meat",0,0,"fofm",0.000000017962826536728,1.26481615042763,1.26481615042763,0.000000017962826536728,0.0000000142019269208848
"45","CPV","Cape Verde","feed_marine_salmon_aquaculture_meat",0.0000000120446619858504,1.9461915863261,"fofm",0.000000435661563939843,53.2059163097752,55.1521078961013,0.000000447706225925693,0.00000000811766300517666
"46","CRI","Costa Rica","feed_marine_salmon_aquaculture_meat",0.0000000152186389926034,1.5082970643324,"fofm",0.00000140059364995828,116.283611516446,117.791908580778,0.00000141581228895088,0.0000000120196056419271
"47","CUB","Cuba","feed_marine_salmon_aquaculture_meat",0,0,"fofm",0.000000596825894700141,47.8639234909512,47.8639234909512,0.000000596825894700141,0.0000000124692221441682
"48","CUW","Curaçao","feed_marine_salmon_aquaculture_meat",0,0,"fofm",0.000000210282170938552,21.5808661483247,21.5808661483247,0.000000210282170938552,0.00000000974391711126365
"49","CXR","Christmas Island","feed_marine_salmon_aquaculture_meat",0,0,"fofm",0.00000118856300714148,106.376573855875,106.376573855875,0.00000118856300714148,0.0000000111731649559594
"50","CYM","Cayman Islands","feed_marine_salmon_aquaculture_meat",0,0,"fofm",0.000000000202416917026771,0.0189463192930398,0.0189463192930398,0.000000000202416917026771,0.0000000106837066290301
"51","CYP","Cyprus","feed_marine_salmon_aquaculture_meat",0.0000000731171209186173,10.2114153435723,"fofm",0.000000837522219323393,28.1518138594448,38.3632292030171,0.00000091063934024201,0.000000023737296342363
"52","CZE","Czech Republic","feed_marine_salmon_aquaculture_meat",0.00000148429887415233,858.332539154997,"fofm",0,0,858.332539154997,0.00000148429887415233,0.00000000172928184175981
"53","DEU","Germany","feed_marine_salmon_aquaculture_meat",0.000205327555399011,100897.316790933,"fofm",0.000358130685383043,27718.8322296893,128616.149020622,0.000563458240782054,0.00000000438092918403045
"54","DJI","Djibouti","feed_marine_salmon_aquaculture_meat",0.0000000103972161207895,2.87195729469516,"fofm",0.000000165082447828319,13.2749958052625,16.1469530999576,0.000000175479663949109,0.0000000108676641879618
"55","DMA","Dominica","feed_marine_salmon_aquaculture_meat",0,0,"fofm",0.0000000373585883067752,3.46627097593447,3.46627097593447,0.0000000373585883067752,0.0000000107777460464422
"56","DNK","Denmark","feed_marine_salmon_aquaculture_meat",0.0000975808080316226,54588.1317111614,"fofm",0.000558794646995226,48092.5515390812,102680.683250243,0.000656375455026848,0.00000000639239469635392
"57","DOM","Dominican Republic","feed_marine_salmon_aquaculture_meat",0.0000000600714252726995,11.5864327185819,"fofm",0.000000169597768163633,13.6592065484883,25.2456392670702,0.000000229669193436332,0.00000000909738077957516
"58","DZA","Algeria","feed_marine_salmon_aquaculture_meat",0.00000102372602853427,584.380309757531,"fofm",0.000010234295982223,1047.73012405069,1632.11043380822,0.0000112580220107573,0.00000000689783103983276
"59","ECU","Ecuador","feed_marine_salmon_aquaculture_meat",0.0000000828521106900068,7.42093213920072,"fofm",0.000158360704584495,17042.3603743233,17049.7813064625,0.000158443556695185,0.00000000929299642307606
"60","EGY","Egypt","feed_marine_salmon_aquaculture_meat",0.00000587286740328677,1201.41777120765,"fofm",0.00000776970038867529,597.787461301868,1799.20523250952,0.0000136425677919621,0.00000000758255231001831
"61","ERI","Eritrea","feed_marine_salmon_aquaculture_meat",0,0,"fofm",0.0000037240579647005,290.8160138738,290.8160138738,0.0000037240579647005,0.0000000128055464178
"62","ESH","Western Sahara","feed_marine_salmon_aquaculture_meat",0,0,"fofm",0.0000254569363101819,3215.46671851147,3215.46671851147,0.0000254569363101819,0.00000000791702683894256
"63","ESP","Spain","feed_marine_salmon_aquaculture_meat",0.0000906237818794881,9900.91126239166,"fofm",0.00019396158985422,9526.69071163948,19427.6019740311,0.000284585371733708,0.00000001464850742331
"64","EST","Estonia","feed_marine_salmon_aquaculture_meat",0.0000165789797021977,15758.9804824039,"fofm",0.0000603511019851241,7743.30822604779,23502.2887084517,0.0000769300816873218,0.00000000327330170442748
"65","ETH","Ethiopia","feed_marine_salmon_aquaculture_meat",0.00000158511463525085,1121.65453383137,"fofm",0,0,1121.65453383137,0.00000158511463525085,0.00000000141319326712512
"66","FIN","Finland","feed_marine_salmon_aquaculture_meat",0.000304605512498863,31297.9892966222,"fofm",0.000105700119767373,13437.8585726963,44735.8478693184,0.000410305632266236,0.0000000091717414960998
"67","FJI","Fiji","feed_marine_salmon_aquaculture_meat",0.00000000388930640865931,1.03263529337577,"fofm",0.00000063491144887067,52.1028353290772,53.135470622453,0.000000638800755279329,0.0000000120221153176236
"68","FLK","Falkland Islands","feed_marine_salmon_aquaculture_meat",0,0,"fofm",0.00000341617396149808,149.919330201203,149.919330201203,0.00000341617396149808,0.0000000227867477590336
"69","FRA","France","feed_marine_salmon_aquaculture_meat",0.000210315472097695,62589.7039381156,"fofm",0.000937831530635376,22678.1707520619,85267.8746901775,0.00114814700273307,0.0000000134651767374863
"70","FRO","Faroe Islands","feed_marine_salmon_aquaculture_meat",0,0,"fofm",0.000638740431370201,66875.5775557764,66875.5775557764,0.000638740431370201,0.00000000955117629956124
"71","FSM","Micronesia","feed_marine_salmon_aquaculture_meat",0,0,"fofm",0.000000014396354788893,1.20735701939242,1.20735701939242,0.000000014396354788893,0.0000000119238589395353
"72","GAB","Gabon","feed_marine_salmon_aquaculture_meat",0.0000000129222155881998,9.62447820116041,"fofm",0.00000591635927203237,600.171070509419,609.795548710579,0.00000592928148762057,0.00000000972339253731536
"73","GBR","United Kingdom","feed_marine_salmon_aquaculture_meat",0.00029481765848048,135815.532539475,"fofm",0.00349806814572128,262109.688329151,397925.220868627,0.00379288580420176,0.00000000953165470618401
"74","GEO","Georgia","feed_marine_salmon_aquaculture_meat",0.0000000118256119456895,4.87514693220301,"fofm",0.00000397502402696865,432.148997825043,437.024144757246,0.00000398684963891434,0.00000000912272167737759
"75","GGY","Guernsey","feed_marine_salmon_aquaculture_meat",0,0,"fofm",0.0000395674289420466,770.31979737087,770.31979737087,0.0000395674289420466,0.0000000513649384023255
"76","GHA","Ghana","feed_marine_salmon_aquaculture_meat",0.000000622259356315352,303.088226403569,"fofm",0.0000156995234940608,1636.33110197105,1939.41932837462,0.0000163217828503762,0.00000000841580910924257
"77","GIB","Gibraltar","feed_marine_salmon_aquaculture_meat",0,0,"fofm",0.000000157985043628868,6.35981519337544,6.35981519337544,0.000000157985043628868,0.0000000248411374898802
"78","GIN","Guinea","feed_marine_salmon_aquaculture_meat",0.000000252216851848942,371.6283220902,"fofm",0.0000407301615657484,3924.52226401854,4296.15058610874,0.0000409823784175973,0.00000000953932540216598
"79","GLP","Guadeloupe","feed_marine_salmon_aquaculture_meat",0,0,"fofm",0.00000000251387967588459,0.229844760587182,0.229844760587182,0.00000000251387967588459,0.0000000109372938041415
"80","GMB","Gambia","feed_marine_salmon_aquaculture_meat",0.00000000593207160648752,0.876586098795592,"fofm",0.00000778099375549156,829.30056933507,830.177155433866,0.00000778692582709805,0.00000000937983631099613
"81","GNB","Guinea-Bissau","feed_marine_salmon_aquaculture_meat",0.0000000184201840856151,18.3407947016423,"fofm",0.0000113129345167432,1006.53166946626,1024.8724641679,0.0000113313547008288,0.0000000110563558852454
"82","GNQ","Equatorial Guinea","feed_marine_salmon_aquaculture_meat",0,0,"fofm",0.00000571059441832438,640.359804624913,640.359804624913,0.00000571059441832438,0.00000000891779024398529
"83","GRC","Greece","feed_marine_salmon_aquaculture_meat",0.00000797859763981404,2689.45608693368,"fofm",0.0000272066134560641,833.537037939021,3522.9931248727,0.0000351852110958782,0.00000000998730620490483
"84","GRD","Grenada","feed_marine_salmon_aquaculture_meat",0,0,"fofm",0.0000000951159748555398,11.230634658701,11.230634658701,0.0000000951159748555398,0.00000000846933212112357
"85","GRL","Greenland","feed_marine_salmon_aquaculture_meat",0,0,"fofm",0.00037200890573553,50428.9242951311,50428.9242951311,0.00037200890573553,0.00000000737689552048303
"86","GTM","Guatemala","feed_marine_salmon_aquaculture_meat",0.000000419352964545589,108.215967538823,"fofm",0.00000226961114230005,212.007644883235,320.223612422058,0.00000268896410684564,0.00000000839714500285368
"87","GUF","French Guiana","feed_marine_salmon_aquaculture_meat",0,0,"fofm",0.00000600828433076204,154.042280027774,154.042280027774,0.00000600828433076204,0.0000000390041249044012
"88","GUM","Guam","feed_marine_salmon_aquaculture_meat",0,0,"fofm",0.000000000206774002539799,0.0126983932437091,0.0126983932437091,0.000000000206774002539799,0.0000000162834776472398
"89","GUY","Guyana","feed_marine_salmon_aquaculture_meat",0.000000000773737318595951,0.215011529937397,"fofm",0.00000041796855499775,44.6153953907588,44.8304069206962,0.000000418742292316346,0.00000000934058646973893
"90","HKG","Hong Kong","feed_marine_salmon_aquaculture_meat",0,0,"fofm",0.000000206140996890093,14.2599999802602,14.2599999802602,0.000000206140996890093,0.0000000144558904050105
"91","HND","Honduras","feed_marine_salmon_aquaculture_meat",0.0000000933055483126007,24.2444040824212,"fofm",0.00000000940147718425465,0.887091155719465,25.1314952381407,0.000000102707025496855,0.00000000408678530758419
"92","HRV","Croatia","feed_marine_salmon_aquaculture_meat",0.000000279975627708528,305.346770335146,"fofm",0.00000910310276685369,717.857180085633,1023.20395042078,0.00000938307839456222,0.0000000091702914074008
"93","HTI","Haiti","feed_marine_salmon_aquaculture_meat",0.000000198031677437334,49.3928456674078,"fofm",0.00000000529123081686491,0.486323771795729,49.8791694392036,0.000000203322908254199,0.00000000407630901917932
"94","HUN","Hungary","feed_marine_salmon_aquaculture_meat",0.00000546106818776918,5882.10900625667,"fofm",0,0,5882.10900625667,0.00000546106818776918,0.000000000928420092514498
"95","IDN","Indonesia","feed_marine_salmon_aquaculture_meat",0.000000761054270786258,173.316856445199,"fofm",0.000362254716319473,31938.0625671598,32111.379423605,0.00036301577059026,0.0000000113048949346414
"96","IMN","Isle of Man","feed_marine_salmon_aquaculture_meat",0,0,"fofm",0.00000291252542651397,51.1375618633298,51.1375618633298,0.00000291252542651397,0.0000000569547182225462
"97","IND","India","feed_marine_salmon_aquaculture_meat",0.000104100437112577,26965.1049397806,"fofm",0.000298368346474189,25015.8546573822,51980.9595971627,0.000402468783586765,0.00000000774261934958071
"98","IOT","British Indian Ocean Territory","feed_marine_salmon_aquaculture_meat",0,0,"fofm",0.00000000154929318273832,0.142998588337445,0.142998588337445,0.00000000154929318273832,0.0000000108343250150298
"99","IRL","Ireland","feed_marine_salmon_aquaculture_meat",0.0000151007700807055,5452.42643791878,"fofm",0.000552646312128162,39179.6127329642,44632.039170883,0.000567747082208868,0.0000000127206171341428
"100","IRN","Iran","feed_marine_salmon_aquaculture_meat",0.00000299273342860765,236.234769845741,"fofm",0.000017455183532873,1160.0822095733,1396.31697941904,0.0000204479169614807,0.0000000146441798408757
"101","IRQ","Iraq","feed_marine_salmon_aquaculture_meat",0.000000167660746157071,15.4124255773993,"fofm",0.000000284103241045076,22.6628134282853,38.0752390056846,0.000000451763987202147,0.0000000118650335230909
"102","ISL","Iceland","feed_marine_salmon_aquaculture_meat",0,0,"fofm",0.0034051884455554,427723.445467339,427723.445467339,0.0034051884455554,0.00000000796119193754933
"103","ISR","Israel","feed_marine_salmon_aquaculture_meat",0.000000524467701707931,106.431209274143,"fofm",0.00000279507489442803,83.2641825548838,189.695391829027,0.00000331954259613596,0.0000000174993317662027
"104","ITA","Italy","feed_marine_salmon_aquaculture_meat",0.0000172749532823594,5326.00839893245,"fofm",0.000114913860367325,3195.90217802993,8521.91057696238,0.000132188813649684,0.0000000155116405477236
"105","JAM","Jamaica","feed_marine_salmon_aquaculture_meat",0.000000000970020671851048,0.429456997116672,"fofm",0.000000000715332162811171,0.0525502802376667,0.482007277354339,0.00000000168535283466222,0.00000000349652985306125
"106","JEY","Jersey","feed_marine_salmon_aquaculture_meat",0,0,"fofm",0.00000742709778089678,198.198301591688,198.198301591688,0.00000742709778089678,0.0000000374730647096941
"107","JOR","Jordan","feed_marine_salmon_aquaculture_meat",0.000000343207505452126,73.7387727978424,"fofm",0.000000136326758369583,8.68705686802724,82.4258296658697,0.00000047953426382171,0.00000000581776690347676
"108","JPN","Japan","feed_marine_salmon_aquaculture_meat",0.00000590583701155061,1374.31840921359,"fofm",0.000127884308670426,10486.316066155,11860.6344753685,0.000133790145681977,0.000000011280184543232
"109","KAZ","Kazakhstan","feed_marine_salmon_aquaculture_meat",0.000043855199139572,8005.09905600439,"fofm",0,0,8005.09905600439,0.000043855199139572,0.00000000547840805376137
"110","KEN","Kenya","feed_marine_salmon_aquaculture_meat",0.000000909554142725124,336.974932281647,"fofm",0.00000106380818296112,82.0120172765682,418.986949558215,0.00000197336232568625,0.00000000470984198378251
"111","KGZ","Kyrgyzstan","feed_marine_salmon_aquaculture_meat",0.000000233374269955957,101.993914169054,"fofm",0,0,101.993914169054,0.000000233374269955957,0.00000000228811955945864
"112","KHM","Cambodia","feed_marine_salmon_aquaculture_meat",0.000000000128168078439842,0.0409218833631573,"fofm",0.00000207324817556666,194.994603462162,195.035525345525,0.0000020733763436451,0.0000000106307624724876
"113","KIR","Kiribati","feed_marine_salmon_aquaculture_meat",0,0,"fofm",0.000000240777042377368,20.5621105319611,20.5621105319611,0.000000240777042377368,0.0000000117097436084254
"114","KNA","Saint Kitts and Nevis","feed_marine_salmon_aquaculture_meat",0,0,"fofm",0.00000000787734605933328,0.72432805565131,0.72432805565131,0.00000000787734605933328,0.0000000108753844309538
"115","KOR","South Korea","feed_marine_salmon_aquaculture_meat",0.000000188495504480156,62.183740424291,"fofm",0.0000290877417304865,1575.84312338452,1638.02686380882,0.0000292762372349667,0.0000000178728675834365
"116","KWT","Kuwait","feed_marine_salmon_aquaculture_meat",0.0000000443358429847312,1.11888793940843,"fofm",0.00000424402331233676,365.982647590558,367.101535529966,0.00000428835915532149,0.0000000116816704379365
"117","LAO","Laos","feed_marine_salmon_aquaculture_meat",0.00000000000279659192192346,0.00103371242368101,"fofm",0,0,0.00103371242368101,0.00000000000279659192192346,0.0000000027053867766868
"118","LBN","Lebanon","feed_marine_salmon_aquaculture_meat",0.00000024968912743386,43.4081393655073,"fofm",0.00000195713380751887,166.542068388859,209.950207754366,0.00000220682293495273,0.0000000105111729040756
"119","LBR","Liberia","feed_marine_salmon_aquaculture_meat",0,0,"fofm",0.00000116487143206657,100.912270462387,100.912270462387,0.00000116487143206657,0.0000000115434072261881
"120","LBY","Libya","feed_marine_salmon_aquaculture_meat",0,0,"fofm",0.00000357052959404125,315.936791064867,315.936791064867,0.00000357052959404125,0.0000000113014048854733
"121","LCA","Saint Lucia","feed_marine_salmon_aquaculture_meat",0.0000000000143934765024069,0.00968858955424387,"fofm",0.0000000160695769099196,1.19687081743732,1.20655940699156,0.000000016083970386422,0.0000000133304421591025
"122","LKA","Sri Lanka","feed_marine_salmon_aquaculture_meat",0.000000126719195190832,20.5811191081645,"fofm",0.00000423251211332133,355.13680950986,375.717928618024,0.00000435923130851216,0.0000000116024042944834
"123","LSO","Lesotho","feed_marine_salmon_aquaculture_meat",0.0000000157968306972825,6.34424330422647,"fofm",0,0,6.34424330422647,0.0000000157968306972825,0.0000000024899471756953
"124","LTU","Lithuania","feed_marine_salmon_aquaculture_meat",0.000105024109127284,35673.8546631806,"fofm",0.0000170884155779401,2079.15636034303,37753.0110235236,0.000122112524705224,0.00000000323451087461968
"125","LUX","Luxembourg","feed_marine_salmon_aquaculture_meat",0.0000000411649657821158,9.6575957155593,"fofm",0,0,9.6575957155593,0.0000000411649657821158,0.00000000426244450425639
"126","LVA","Latvia","feed_marine_salmon_aquaculture_meat",0.0000640228361859608,27007.2873479779,"fofm",0.0000471584448504982,5933.98110668825,32941.2684546662,0.000111181281036459,0.00000000337513660682092
"127","MAC","Macao","feed_marine_salmon_aquaculture_meat",0,0,"fofm",0.00000000388121937757238,0.219650737461176,0.219650737461176,0.00000000388121937757238,0.0000000176699583276309
"128","MAF","Saint-Martin","feed_marine_salmon_aquaculture_meat",0,0,"fofm",0.00000000328608906060885,0.243841658564057,0.243841658564057,0.00000000328608906060885,0.0000000134763234467813
"129","MAR","Morocco","feed_marine_salmon_aquaculture_meat",0.00000413759821172755,549.811231200312,"fofm",0.000273579765490247,33589.3337829673,34139.1450141676,0.000277717363701975,0.00000000813486581420605
"130","MCO","Monaco","feed_marine_salmon_aquaculture_meat",0,0,"fofm",0.00000000752023351251013,0.800914179062071,0.800914179062071,0.00000000752023351251013,0.00000000938956221416491
"131","MDA","Moldova","feed_marine_salmon_aquaculture_meat",0.000000408530519308491,548.038107423268,"fofm",0,0,548.038107423268,0.000000408530519308491,0.000000000745441811025323
"132","MDG","Madagascar","feed_marine_salmon_aquaculture_meat",0.0000000905680894069318,32.5322861269336,"fofm",0.000000942314516366387,70.8837536735944,103.416039800528,0.00000103288260577332,0.00000000998764415815548
"133","MDV","Maldives","feed_marine_salmon_aquaculture_meat",0,0,"fofm",0.0000000015843943792208,0.156597950370927,0.156597950370927,0.0000000015843943792208,0.0000000101175933367449
"134","MEX","Mexico","feed_marine_salmon_aquaculture_meat",0.0000079017428654452,1674.35187534573,"fofm",0.000430929719424797,39321.0612123856,40995.4130877314,0.000438831462290242,0.0000000107044039622465
"135","MHL","Marshall Islands","feed_marine_salmon_aquaculture_meat",0,0,"fofm",0.00000000554729176393885,0.392545810112806,0.392545810112806,0.00000000554729176393885,0.000000014131578075804
"136","MKD","Macedonia","feed_marine_salmon_aquaculture_meat",0.0000000287601514800128,14.2653748891897,"fofm",0,0,14.2653748891897,0.0000000287601514800128,0.00000000201608101458358
"137","MLI","Mali","feed_marine_salmon_aquaculture_meat",0.00000121194264604907,854.070590087875,"fofm",0,0,854.070590087875,0.00000121194264604907,0.00000000141901929432364
"138","MLT","Malta","feed_marine_salmon_aquaculture_meat",0.0000000530882453488491,34.7184937010456,"fofm",0.00000155413296255337,62.9790741565797,97.6975678576253,0.00000160722120790222,0.000000016450984841756
"139","MMR","Myanmar","feed_marine_salmon_aquaculture_meat",0.00000468404103654842,2647.75490413165,"fofm",0.0000388491051929146,3931.53024722361,6579.28515135526,0.000043533146229463,0.00000000661669850568731
"140","MNE","Montenegro","feed_marine_salmon_aquaculture_meat",0,0,"fofm",0.000000526788240014855,38.6193328786663,38.6193328786663,0.000000526788240014855,0.0000000136405318463142
"141","MNP","Northern Mariana Islands","feed_marine_salmon_aquaculture_meat",0,0,"fofm",0.000000000067924993401418,0.00339105550437211,0.00339105550437211,0.000000000067924993401418,0.0000000200306345071149
"142","MOZ","Mozambique","feed_marine_salmon_aquaculture_meat",0.00000124771680361375,267.268284327382,"fofm",0.000000669470777812133,51.1485945736718,318.416878901054,0.00000191718758142589,0.00000000602099859794695
"143","MRT","Mauritania","feed_marine_salmon_aquaculture_meat",0.00000000237056470101529,0.00867673942987783,"fofm",0.000112834078816425,18590.0126133643,18590.0212901038,0.000112836449381126,0.00000000606973212242603
"144","MSR","Montserrat","feed_marine_salmon_aquaculture_meat",0.000000000385548142730247,0.0682856744715351,"fofm",0.00000000745201528260773,0.61940338109802,0.687689055569555,0.00000000783756342533798,0.000000011396958206419
"145","MTQ","Martinique","feed_marine_salmon_aquaculture_meat",0,0,"fofm",0.0000000453133297904651,2.68091752526372,2.68091752526372,0.0000000453133297904651,0.0000000169021722464243
"146","MUS","Mauritius","feed_marine_salmon_aquaculture_meat",0,0,"fofm",0.000000180432918219539,10.2718015268923,10.2718015268923,0.000000180432918219539,0.0000000175658493543857
"147","MWI","Malawi","feed_marine_salmon_aquaculture_meat",0.000000778585384688135,371.84065227224,"fofm",0,0,371.84065227224,0.000000778585384688135,0.00000000209386838133583
"148","MYS","Malaysia","feed_marine_salmon_aquaculture_meat",0.00000306262668155237,1021.55758745297,"fofm",0.000125898807991917,11086.5640924322,12108.1216798851,0.000128961434673469,0.0000000106508208360434
"149","MYT","Mayotte","feed_marine_salmon_aquaculture_meat",0,0,"fofm",0.00000000130993747182525,0.097334062685123,0.097334062685123,0.00000000130993747182525,0.0000000134581608502556
"150","NAM","Namibia","feed_marine_salmon_aquaculture_meat",0.000000000024807821325734,0.071895731462744,"fofm",0.0000631498470414105,8081.4409340295,8081.51282976096,0.0000631498718492318,0.00000000781411515139544
"151","NER","Niger","feed_marine_salmon_aquaculture_meat",0.000000442589788647,244.973722570618,"fofm",0,0,244.973722570618,0.000000442589788647,0.00000000180668270867058
"152","NFK","Norfolk Island","feed_marine_salmon_aquaculture_meat",0,0,"fofm",0.0000000567158815922959,5.24897670372556,5.24897670372556,0.0000000567158815922959,0.0000000108051311319482
"153","NGA","Nigeria","feed_marine_salmon_aquaculture_meat",0.00000413315684274011,2379.53072422334,"fofm",0.0000297616339517848,2901.54968730676,5281.08041153011,0.000033894790794525,0.00000000641815464890914
"154","NIC","Nicaragua","feed_marine_salmon_aquaculture_meat",0.000000521506391952918,197.339352538579,"fofm",0.0000000763613066506421,6.01441570477431,203.353768243353,0.00000059786769860356,0.0000000029400374714871
"155","NIU","Niue","feed_marine_salmon_aquaculture_meat",0,0,"fofm",0.0000000000817551344427354,0.00744732142054771,0.00744732142054771,0.0000000000817551344427354,0.0000000109777905136694
"156","NLD","Netherlands","feed_marine_salmon_aquaculture_meat",0.00000734487599749717,2220.06540998243,"fofm",0.000431855314058081,28684.3857985329,30904.4512085153,0.000439200190055579,0.0000000142115511805161
"157","NOR","Norway","feed_marine_salmon_aquaculture_meat",0.00035540698377135,148588.30742813,"fofm",0.00425320647586754,460305.57456025,608893.881988379,0.00460861345963889,0.0000000075688286513722
"158","NPL","Nepal","feed_marine_salmon_aquaculture_meat",0.000000843449880592579,268.781223378092,"fofm",0,0,268.781223378092,0.000000843449880592579,0.00000000313805358124331
"159","NRU","Nauru","feed_marine_salmon_aquaculture_meat",0,0,"fofm",0.00000000137035653741622,0.110926668073037,0.110926668073037,0.00000000137035653741622,0.0000000123537158486897
"160","NZL","New Zealand","feed_marine_salmon_aquaculture_meat",0.00000562192681576272,2361.76313452834,"fofm",0.0000272174865053944,1414.40154094718,3776.16467547552,0.0000328394133211572,0.00000000869649926403748
"161","OMN","Oman","feed_marine_salmon_aquaculture_meat",0,0,"fofm",0.0000190280063749197,1734.71358255154,1734.71358255154,0.0000190280063749197,0.0000000109689614275874
"162","PAK","Pakistan","feed_marine_salmon_aquaculture_meat",0.0000131408816314621,2920.55608790723,"fofm",0.0000163195142772254,1539.99354139721,4460.54962930445,0.0000294603959086875,0.00000000660465600811652
"163","PAN","Panama","feed_marine_salmon_aquaculture_meat",0.00000000250973462927085,0.856648059243576,"fofm",0.0000155301866122203,1861.94015451921,1862.79680257846,0.0000155326963468496,0.00000000833837395756178
"164","PCN","Pitcairn Islands","feed_marine_salmon_aquaculture_meat",0,0,"fofm",0.000000000275825743158603,0.0241501115025609,0.0241501115025609,0.000000000275825743158603,0.0000000114213030912654
"165","PER","Peru","feed_marine_salmon_aquaculture_meat",0.0000299563300154463,1881.96000519967,"fofm",0.00267922381140683,631075.101593435,632957.061598634,0.00270918014142227,0.00000000428019577596592
"166","PHL","Philippines","feed_marine_salmon_aquaculture_meat",0.000000261286682996824,144.043679792357,"fofm",0.000124984409712168,10305.8192138288,10449.8628936211,0.000125245696395165,0.0000000119853913558635
"167","PLW","Palau","feed_marine_salmon_aquaculture_meat",0,0,"fofm",0.00000017007189639926,16.0896389430216,16.0896389430216,0.00000017007189639926,0.0000000105702742616871
"168","PNG","Papua New Guinea","feed_marine_salmon_aquaculture_meat",0,0,"fofm",0.000000451865673497743,33.8466561787213,33.8466561787213,0.000000451865673497743,0.0000000133503785754122
"169","POL","Poland","feed_marine_salmon_aquaculture_meat",0.0000442222514792828,37264.1181899199,"fofm",0.0000810488427473176,10073.0227422336,47337.1409321535,0.0001252710942266,0.00000000264635953417944
"170","PRI","Puerto Rico","feed_marine_salmon_aquaculture_meat",0,0,"fofm",0.0000000405463842086496,2.93524263766233,2.93524263766233,0.0000000405463842086496,0.0000000138136396931537
"171","PRK","North Korea","feed_marine_salmon_aquaculture_meat",0,0,"fofm",0.0000040422964367441,216.312759200338,216.312759200338,0.0000040422964367441,0.0000000186872769395925
"172","PRT","Portugal","feed_marine_salmon_aquaculture_meat",0.00000239981964671959,924.50884308906,"fofm",0.000038217085796221,2133.89117438232,3058.40001747138,0.0000406169054429406,0.0000000132804424571387
"173","PRY","Paraguay","feed_marine_salmon_aquaculture_meat",0.00012129452876758,97978.558441241,"fofm",0,0,97978.558441241,0.00012129452876758,0.00000000123797013037625
"174","PSE","Palestina","feed_marine_salmon_aquaculture_meat",0,0,"fofm",0.0000000813789475680189,0.534912338263625,0.534912338263625,0.0000000813789475680189,0.000000152135110272802
"175","PYF","French Polynesia","feed_marine_salmon_aquaculture_meat",0,0,"fofm",0.0000000102107971108409,0.718613713254929,0.718613713254929,0.0000000102107971108409,0.0000000142090206775926
"176","QAT","Qatar","feed_marine_salmon_aquaculture_meat",0,0,"fofm",0.00000366303171170154,315.414606717871,315.414606717871,0.00000366303171170154,0.000000011613386424358
"177","REU","Reunion","feed_marine_salmon_aquaculture_meat",0,0,"fofm",0.000000000825348594976521,0.0669610279779437,0.0669610279779437,0.000000000825348594976521,0.0000000123258053213936
"178","ROU","Romania","feed_marine_salmon_aquaculture_meat",0.00000448798197438937,4730.66238834994,"fofm",0.00000132806118138868,28.7113098670459,4759.37369821699,0.00000581604315577806,0.00000000122201859416018
"179","RUS","Russia","feed_marine_salmon_aquaculture_meat",0.000269538412062583,172874.419610806,"fofm",0.000214067128244621,19689.3204776661,192563.740088472,0.000483605540307204,0.00000000251140500327327
"180","RWA","Rwanda","feed_marine_salmon_aquaculture_meat",0.000000175470535428061,84.2630334151438,"fofm",0,0,84.2630334151438,0.000000175470535428061,0.00000000208241417756182
"181","SAU","Saudi Arabia","feed_marine_salmon_aquaculture_meat",0.00000066342651929243,23.9094669961644,"fofm",0.0000844179585838619,6611.05449306548,6634.96396006164,0.0000850813851031543,0.0000000128231872268322
"182","SDN","Sudan","feed_marine_salmon_aquaculture_meat",0.00000653437994969633,1464.61398413417,"fofm",0.0000289340173243497,2185.34067730206,3649.95466143623,0.000035468397274046,0.00000000971748982221315
"183","SEN","Senegal","feed_marine_salmon_aquaculture_meat",0.000000731462768116643,375.004361623461,"fofm",0.0000446161097651736,5665.41010097291,6040.41446259637,0.0000453475725332903,0.00000000750736109485414
"184","SGP","Singapore","feed_marine_salmon_aquaculture_meat",0,0,"fofm",0.000000566140554179198,57.4449985504629,57.4449985504629,0.000000566140554179198,0.00000000985534978614141
"185","SHN","Saint Helena","feed_marine_salmon_aquaculture_meat",0,0,"fofm",0.0000000239842025476758,1.5446509105096,1.5446509105096,0.0000000239842025476758,0.0000000155272640468409
"186","SJM","Svalbard and Jan Mayen","feed_marine_salmon_aquaculture_meat",0,0,"fofm",0.00000894649680169978,984.888741747122,984.888741747122,0.00000894649680169978,0.00000000908376390396071
"187","SLB","Solomon Islands","feed_marine_salmon_aquaculture_meat",0,0,"fofm",0.000000112868635744376,10.3247953717273,10.3247953717273,0.000000112868635744376,0.0000000109318036513777
"188","SLE","Sierra Leone","feed_marine_salmon_aquaculture_meat",0.0000000648013347678521,15.7203783211094,"fofm",0.0000190793980910129,1759.19711022959,1774.9174885507,0.0000191441994257808,0.0000000107859658543412
"189","SLV","El Salvador","feed_marine_salmon_aquaculture_meat",0.000000110373209610431,35.42247375945,"fofm",0.00000000722420534204607,0.74669741386943,36.1691711733194,0.000000117597414952477,0.00000000325131627675296
"190","SOM","Somalia","feed_marine_salmon_aquaculture_meat",0.0000000824357852248666,24.2852278974744,"fofm",0.000000160283148729881,14.2791367131194,38.5643646105938,0.000000242718933954747,0.00000000629386575937702
"191","SPM","Saint Pierre and Miquelon","feed_marine_salmon_aquaculture_meat",0,0,"fofm",0.0000000927326551307444,9.01048358126665,9.01048358126665,0.0000000927326551307444,0.0000000102916402093603
"192","SRB","Serbia","feed_marine_salmon_aquaculture_meat",0.000000338162412565337,378.6598594873,"fofm",0,0,378.6598594873,0.000000338162412565337,0.000000000893050594333405
"193","SSD","South Sudan","feed_marine_salmon_aquaculture_meat",0.000000271227960243952,224.619515997027,"fofm",0,0,224.619515997027,0.000000271227960243952,0.00000000120749953110727
"194","STP","São Tomé and Príncipe","feed_marine_salmon_aquaculture_meat",0,0,"fofm",0.000000479446350716988,36.7953118032576,36.7953118032576,0.000000479446350716988,0.000000013030093433657
"195","SUR","Suriname","feed_marine_salmon_aquaculture_meat",0,0,"fofm",0.0000000196487693554086,2.02765834919741,2.02765834919741,0.0000000196487693554086,0.00000000969037479276819
"196","SVK","Slovakia","feed_marine_salmon_aquaculture_meat",0.000000454148631480959,472.763336699689,"fofm",0,0,472.763336699689,0.000000454148631480959,0.000000000960625742789875
"197","SVN","Slovenia","feed_marine_salmon_aquaculture_meat",0.0000000567961145689628,19.5961535073016,"fofm",0.0000000433861060022809,2.75078966215869,22.3469431694603,0.000000100182220571244,0.00000000448303912582346
"198","SWE","Sweden","feed_marine_salmon_aquaculture_meat",0.000248728609651627,107597.621984199,"fofm",0.000307958454438927,37800.253916221,145397.87590042,0.000556687064090554,0.0000000038287152452751
"199","SWZ","Swaziland","feed_marine_salmon_aquaculture_meat",0.00000000341578191653131,1.19016921346097,"fofm",0,0,1.19016921346097,0.00000000341578191653131,0.00000000286999686926729
"200","SYC","Seychelles","feed_marine_salmon_aquaculture_meat",0,0,"fofm",0.0000000286715959111065,2.63746289408981,2.63746289408981,0.0000000286715959111065,0.0000000108709002031292
"201","SYR","Syria","feed_marine_salmon_aquaculture_meat",0.000000978515035022848,239.753898746389,"fofm",0.000000396240272819509,26.2479365358401,266.001835282229,0.00000137475530784236,0.00000000516821737858964
"202","TCA","Turks and Caicos Islands","feed_marine_salmon_aquaculture_meat",0,0,"fofm",0.00000000918790101049861,0.770265856121733,0.770265856121733,0.00000000918790101049861,0.0000000119282205455132
"203","TCD","Chad","feed_marine_salmon_aquaculture_meat",0.000000661594086706647,427.707409827414,"fofm",0,0,427.707409827414,0.000000661594086706647,0.0000000015468380287674
"204","TGO","Togo","feed_marine_salmon_aquaculture_meat",0.000000322297587391035,145.32718893462,"fofm",0.00000210114140178565,212.487419329989,357.814608264608,0.00000242343898917668,0.00000000677289001958388
"205","THA","Thailand","feed_marine_salmon_aquaculture_meat",0.0000012823809687532,319.852643173322,"fofm",0.000046077420801791,4264.0602013268,4583.91284450012,0.0000473598017705442,0.0000000103317413260524
"206","TJK","Tajikistan","feed_marine_salmon_aquaculture_meat",0.00000123794924055055,246.811222036828,"fofm",0,0,246.811222036828,0.00000123794924055055,0.0000000050157737169902
"207","TKL","Tokelau","feed_marine_salmon_aquaculture_meat",0,0,"fofm",0.00000000212231094409482,0.183988795013245,0.183988795013245,0.00000000212231094409482,0.0000000115350010523306
"208","TKM","Turkmenistan","feed_marine_salmon_aquaculture_meat",0.00000128612610655139,175.335393905149,"fofm",0,0,175.335393905149,0.00000128612610655139,0.00000000733523379339567
"209","TLS","Timor-Leste","feed_marine_salmon_aquaculture_meat",0,0,"fofm",0.00000199474560402506,179.638687829513,179.638687829513,0.00000199474560402506,0.0000000111042093890052
"210","TON","Tonga","feed_marine_salmon_aquaculture_meat",0,0,"fofm",0.00000000314130701283852,0.296938715313911,0.296938715313911,0.00000000314130701283852,0.0000000105789742153281
"211","TTO","Trinidad and Tobago","feed_marine_salmon_aquaculture_meat",0.000000000849516516535578,0.561893792813867,"fofm",0.000000626025751708948,75.0585705807246,75.6204643735384,0.000000626875268225484,0.00000000828975692517492
"212","TUN","Tunisia","feed_marine_salmon_aquaculture_meat",0.00000129677922964733,256.648837339989,"fofm",0.00000547687530680931,433.90758817464,690.556425514629,0.00000677365453645665,0.00000000980898053538299
"213","TUR","Turkey","feed_marine_salmon_aquaculture_meat",0.0000282937611732914,8040.37176969091,"fofm",0.0000654583193068557,6131.29909506058,14171.6708647515,0.000093752080480147,0.0000000066154570886438
"214","TUV","Tuvalu","feed_marine_salmon_aquaculture_meat",0,0,"fofm",0.0000000336949294324917,3.13416764045734,3.13416764045734,0.0000000336949294324917,0.0000000107508382760199
"215","TWN","Taiwan","feed_marine_salmon_aquaculture_meat",0.00000314728460735788,1276.54129321374,"fofm",0.0000222587050347469,671.610984054111,1948.15227726785,0.0000254059896421048,0.0000000130410697041275
"216","TZA","Tanzania","feed_marine_salmon_aquaculture_meat",0.00000220328340218482,2630.60080665489,"fofm",0.00000503097486373816,467.538043261077,3098.13884991597,0.00000723425826592297,0.00000000233503358512133
"217","UGA","Uganda","feed_marine_salmon_aquaculture_meat",0.0000012150138213792,642.785405761158,"fofm",0,0,642.785405761158,0.0000012150138213792,0.00000000189023243292282
"218","UKR","Ukraine","feed_marine_salmon_aquaculture_meat",0.0000193190381837395,18716.5837004979,"fofm",0.0000106324536746276,460.762593067342,19177.3462935652,0.000029951491858367,0.00000000156181629094412
"219","URY","Uruguay","feed_marine_salmon_aquaculture_meat",0.000000217154386715598,75.8274719913876,"fofm",0.000192399961341561,5434.82425020764,5510.65172219902,0.000192617115728277,0.0000000349535999439669
"220","USA","United States","feed_marine_salmon_aquaculture_meat",0.000259904821743503,115819.914700684,"fofm",0.000626048842974778,71709.9379029849,187529.852603669,0.000885953664718281,0.00000000472433403224969
"221","UZB","Uzbekistan","feed_marine_salmon_aquaculture_meat",0.00000712369141092758,1486.8168514016,"fofm",0,0,1486.8168514016,0.00000712369141092758,0.00000000479123666389184
"222","VCT","Saint Vincent and the Grenadines","feed_marine_salmon_aquaculture_meat",0,0,"fofm",0.0000000053282908997572,0.426545284635815,0.426545284635815,0.0000000053282908997572,0.0000000124917355593475
"223","VEN","Venezuela","feed_marine_salmon_aquaculture_meat",0.000000164290776967333,9.87088708846839,"fofm",0.0000103828029368224,1247.78395336425,1257.65484045272,0.0000105470937137898,0.00000000838631822861119
"224","VGB","British Virgin Islands","feed_marine_salmon_aquaculture_meat",0,0,"fofm",0.0000000874128306176757,6.79197956400778,6.79197956400778,0.0000000874128306176757,0.0000000128700078959153
"225","VIR","Virgin Islands, U.S.","feed_marine_salmon_aquaculture_meat",0,0,"fofm",0.00000000136366726351848,0.101186900407563,0.101186900407563,0.00000000136366726351848,0.0000000134767174211867
"226","VNM","Vietnam","feed_marine_salmon_aquaculture_meat",0.000000398885236002598,133.419493634308,"fofm",0.00000731621242584037,516.754873695186,650.174367329494,0.00000771509766184297,0.0000000118661978224883
"227","VUT","Vanuatu","feed_marine_salmon_aquaculture_meat",0.000000000300636822742255,0.291883378754432,"fofm",0.0000000318989470041137,2.89764236038159,3.18952573913602,0.0000000321995838268559,0.0000000100954143218729
"228","WLF","Wallis and Futuna","feed_marine_salmon_aquaculture_meat",0,0,"fofm",0.00000000000860795407208717,0.00072865405995182,0.00072865405995182,0.00000000000860795407208717,0.0000000118134990871475
"229","WSM","Samoa","feed_marine_salmon_aquaculture_meat",0,0,"fofm",0.00000000378608366547156,0.295144553621832,0.295144553621832,0.00000000378608366547156,0.0000000128278960902754
"230","XMI","Madeira Island","feed_marine_salmon_aquaculture_meat",0,0,"fofm",0.00000323778942392698,336.154848372318,336.154848372318,0.00000323778942392698,0.00000000963183913486462
"231","YEM","Yemen","feed_marine_salmon_aquaculture_meat",0.000000000771378329367428,0.0580604337341971,"fofm",0.0000106498261700017,860.728150414458,860.786210848192,0.000010650597548331,0.0000000123731042785133
"232","ZAF","South Africa","feed_marine_salmon_aquaculture_meat",0.00000127333521722539,976.857626172684,"fofm",0.000108045871710688,14420.3585667092,15397.2161928819,0.000109319206927914,0.00000000709993323198591
"233","ZMB","Zambia","feed_marine_salmon_aquaculture_meat",0.00000035790504895121,238.523150909214,"fofm",0,0,238.523150909214,0.00000035790504895121,0.00000000150050444825557
"234","ZWE","Zimbabwe","feed_marine_salmon_aquaculture_meat",0.000000377254284917266,73.2086903246307,"fofm",0,0,73.2086903246307,0.000000377254284917266,0.00000000515313528003848
