file,xmin,xmax,ymin,ymax,variable,min,max,sum_cells,quant_50,mean,total_zero,total_NA,total_greater_zero
broiler_acof_consumption,-180,179.99999999991815,-89.99999999995909,89.99999999999999,broiler_acof_prop,0,0,0,0,0,2215268,7115932,0
broiler_bana_consumption,-180,179.99999999991815,-89.99999999995909,89.99999999999999,broiler_bana_prop,0,0,0,0,0,2215268,7115932,0
broiler_barl_consumption,-180,179.99999999991815,-89.99999999995909,89.99999999999999,broiler_barl_prop,0,1,98889.53488727787,0.003308205037456974,0.04463998707482699,343152,7115932,1872116
broiler_bean_consumption,-180,179.99999999991815,-89.99999999995909,89.99999999999999,broiler_bean_prop,0,0,0,0,0,2215268,7115932,0
broiler_cass_consumption,-180,179.99999999991815,-89.99999999995909,89.99999999999999,broiler_cass_prop,0,0,0,0,0,2215268,7115932,0
broiler_chic_consumption,-180,179.99999999991815,-89.99999999995909,89.99999999999999,broiler_chic_prop,0,0,0,0,0,2215268,7115932,0
broiler_cnut_consumption,-180,179.99999999991815,-89.99999999995909,89.99999999999999,broiler_cnut_prop,0,0,0,0,0,2215268,7115932,0
broiler_coco_consumption,-180,179.99999999991815,-89.99999999995909,89.99999999999999,broiler_coco_prop,0,0,0,0,0,2215268,7115932,0
broiler_cott_consumption,-180,179.99999999991815,-89.99999999995909,89.99999999999999,broiler_cott_prop,0,0,0,0,0,2215268,7115932,0
broiler_cowp_consumption,-180,179.99999999991815,-89.99999999995909,89.99999999999999,broiler_cowp_prop,0,0,0,0,0,2215268,7115932,0
broiler_disturbance,-180,179.99999999991815,-89.99999999995909,89.99999999999999,broiler_disturbance_prop,0,0.030759122768792765,33.20436738356265,2.5614063195685607e-9,1.4988871497066125e-5,769070,7115932,1446198
broiler_feedfish_consumption,-180,179.99999999991815,-89.99999999995909,89.99999999999999,broiler_feedfish_prop,0,1.0018694361927611,266465.13993229804,0.016261305409491708,0.07413151564457456,100980,5736708,3493512
broiler_ghg,-180,179.99999999991815,-89.99999999995909,89.99999999999999,broiler_ghg_CO2eq_tonnes,0,139736.51555372914,121200637.59761274,0.006425865655076409,54.71150109043816,769070,7115932,1446198
broiler_grou_consumption,-180,179.99999999991815,-89.99999999995909,89.99999999999999,broiler_grou_prop,0,0,0,0,0,2215268,7115932,0
broiler_lent_consumption,-180,179.99999999991815,-89.99999999995909,89.99999999999999,broiler_lent_prop,0,0,0,0,0,2215268,7115932,0
broiler_maiz_consumption,-180,179.99999999991815,-89.99999999995909,89.99999999999999,broiler_maiz_prop,0,1,595166.2809414571,0.24402789832321609,0.26866558851635824,144559,7115932,2070709
broiler_nutrient,-180,179.99999999991815,-89.99999999995909,89.99999999999999,broiler_nutrient_tonnes_p04eq,0,4367.399206652537,3147429.6801281055,1.5174599456723402e-4,1.4207895749535078,774926,7115932,1440342
broiler_ocer_consumption,-180,179.99999999991815,-89.99999999995909,89.99999999999999,broiler_ocer_prop,0,0,0,0,0,2215268,7115932,0
broiler_ofib_consumption,-180,179.99999999991815,-89.99999999995909,89.99999999999999,broiler_ofib_prop,0,0,0,0,0,2215268,7115932,0
broiler_oilp_consumption,-180,179.99999999991815,-89.99999999995909,89.99999999999999,broiler_oilp_prop,0,0,0,0,0,2215268,7115932,0
broiler_ooil_consumption,-180,179.99999999991815,-89.99999999995909,89.99999999999999,broiler_ooil_prop,0,0,0,0,0,2215268,7115932,0
broiler_opul_consumption,-180,179.99999999991815,-89.99999999995909,89.99999999999999,broiler_opul_prop,0,0,0,0,0,2215268,7115932,0
broiler_orts_consumption,-180,179.99999999991815,-89.99999999995909,89.99999999999999,broiler_orts_prop,0,0,0,0,0,2215268,7115932,0
broiler_pige_consumption,-180,179.99999999991815,-89.99999999995909,89.99999999999999,broiler_pige_prop,0,0,0,0,0,2215268,7115932,0
broiler_plnt_consumption,-180,179.99999999991815,-89.99999999995909,89.99999999999999,broiler_plnt_prop,0,0,0,0,0,2215268,7115932,0
broiler_pmil_consumption,-180,179.99999999991815,-89.99999999995909,89.99999999999999,broiler_pmil_prop,0,0,0,0,0,2215268,7115932,0
broiler_pota_consumption,-180,179.99999999991815,-89.99999999995909,89.99999999999999,broiler_pota_prop,0,0,0,0,0,2215268,7115932,0
broiler_rape_consumption,-180,179.99999999991815,-89.99999999995909,89.99999999999999,broiler_rape_prop,0,1,19993.39871942586,3.5857228675750233e-4,0.009025273113422787,551910,7115932,1663358
broiler_rcof_consumption,-180,179.99999999991815,-89.99999999995909,89.99999999999999,broiler_rcof_prop,0,0,0,0,0,2215268,7115932,0
broiler_rest_consumption,-180,179.99999999991815,-89.99999999995909,89.99999999999999,broiler_rest_prop,0,0,0,0,0,2215268,7115932,0
broiler_rice_consumption,-180,179.99999999991815,-89.99999999995909,89.99999999999999,broiler_rice_prop,0,0,0,0,0,2215268,7115932,0
broiler_sesa_consumption,-180,179.99999999991815,-89.99999999995909,89.99999999999999,broiler_sesa_prop,0,0,0,0,0,2215268,7115932,0
broiler_smil_consumption,-180,179.99999999991815,-89.99999999995909,89.99999999999999,broiler_smil_prop,0,0,0,0,0,2215268,7115932,0
broiler_sorg_consumption,-180,179.99999999991815,-89.99999999995909,89.99999999999999,broiler_sorg_prop,0,1,397972.33204999095,0.042467314057356785,0.17964974533554998,534194,7115932,1681074
broiler_soyb_consumption,-180,179.99999999991815,-89.99999999995909,89.99999999999999,broiler_soyb_prop,0,1,1026757.4739228549,0.3684747095105885,0.46349131298012264,349426,7115932,1865842
broiler_sugb_consumption,-180,179.99999999991815,-89.99999999995909,89.99999999999999,broiler_sugb_prop,0,0,0,0,0,2215268,7115932,0
broiler_sugc_consumption,-180,179.99999999991815,-89.99999999995909,89.99999999999999,broiler_sugc_prop,0,0,0,0,0,2215268,7115932,0
broiler_sunf_consumption,-180,179.99999999991815,-89.99999999995909,89.99999999999999,broiler_sunf_prop,0,1,389839.272804455,0.013751414678577357,0.17597837950282189,427129,7115932,1788139
broiler_swpo_consumption,-180,179.99999999991815,-89.99999999995909,89.99999999999999,broiler_swpo_prop,0,0,0,0,0,2215268,7115932,0
broiler_teas_consumption,-180,179.99999999991815,-89.99999999995909,89.99999999999999,broiler_teas_prop,0,0,0,0,0,2215268,7115932,0
broiler_temf_consumption,-180,179.99999999991815,-89.99999999995909,89.99999999999999,broiler_temf_prop,0,0,0,0,0,2215268,7115932,0
broiler_toba_consumption,-180,179.99999999991815,-89.99999999995909,89.99999999999999,broiler_toba_prop,0,0,0,0,0,2215268,7115932,0
broiler_trof_consumption,-180,179.99999999991815,-89.99999999995909,89.99999999999999,broiler_trof_prop,0,0,0,0,0,2215268,7115932,0
broiler_vege_consumption,-180,179.99999999991815,-89.99999999995909,89.99999999999999,broiler_vege_prop,0,0,0,0,0,2215268,7115932,0
broiler_water,-180,179.99999999991815,-89.99999999995909,89.99999999999999,broiler_water_m3,0,2280041.726730173,1313787082.2884653,0.06099628402914939,593.0601093359667,769070,7115932,1446198
broiler_whea_consumption,-180,179.99999999991815,-89.99999999995909,89.99999999999999,broiler_whea_prop,0,1,112183.55677275488,0.02669787503788645,0.05064107673326875,190423,7115932,2024845
broiler_yams_consumption,-180,179.99999999991815,-89.99999999995909,89.99999999999999,broiler_yams_prop,0,0,0,0,0,2215268,7115932,0
crop_acof_disturbance,-180,179.99999999991815,-89.99999999995909,89.99999999999999,crop_acof_disturbance_prop,0,0.988867713217864,713.2396597167929,0,8.563287722436104e-4,767171,8498296,65733
crop_bana_disturbance,-180,179.99999999991815,-89.99999999995909,89.99999999999999,crop_bana_disturbance_prop,0,1,623.9158204782736,0,7.490849131211667e-4,647905,8498296,184999
crop_bana_ghg,-180,179.99999999991815,-89.99999999995909,89.99999999999999,crop_bana_ghg_tonnes_CO2eq,0,40398.314025878906,5543436.808547071,0,0.5940754467321366,9264111,0,67089
crop_bana_nutrient,-180,179.99999999991815,-89.99999999995909,89.99999999999999,crop_bana_tonnes_po4eq,0,243.451703491744,36282.63501588928,0,0.0038883139377454547,9266211,0,64989
crop_bana_water,-180,179.99999999991815,-89.99999999995909,89.99999999999999,crop_bana_water_m3,0,206490162.9375,85375067967.9395,0,102502.89105099688,647905,8498296,184999
crop_barl_disturbance,-180,179.99999999991815,-89.99999999995909,89.99999999999999,crop_barl_disturbance_prop,0,0.5961846818071164,8246.316163076233,0,0.009900680226143958,499364,8498296,333540
crop_barl_ghg,-180,179.99999999991815,-89.99999999995909,89.99999999999999,crop_barl_ghg_tonnes_CO2eq,0,17903.84991836548,60085889.531659976,0,6.439245705982056,8997791,0,333409
crop_barl_nutrient,-180,179.99999999991815,-89.99999999995909,89.99999999999999,crop_barl_tonnes_po4eq,0,179.4670998119371,195473.1910916871,0,0.020948344381397196,9043965,0,287235
crop_barl_water,-180,179.99999999991815,-89.99999999995909,89.99999999999999,crop_barl_water_m3,0,49423069.31640625,246889348427.50946,0,296419.93366283533,499364,8498296,333540
crop_bean_disturbance,-180,179.99999999991815,-89.99999999995909,89.99999999999999,crop_bean_disturbance_prop,0,1,3471.2696919532827,1.7271055363113777e-5,0.004167670814347487,395319,8498296,437585
crop_bean_ghg,-180,179.99999999991815,-89.99999999995909,89.99999999999999,crop_bean_ghg_tonnes_CO2eq,0,234131.0781993866,8913831.440829935,0,0.9552717164812551,8894810,0,436390
crop_bean_nutrient,-180,179.99999999991815,-89.99999999995909,89.99999999999999,crop_bean_tonnes_po4eq,0,391.30748635371185,12228.34021683446,0,0.001310478846968749,9051609,0,279591
crop_bean_water,-180,179.99999999991815,-89.99999999995909,89.99999999999999,crop_bean_water_m3,0,692229330.5,117449731225.10014,243.4952390268445,141012.3270210012,395319,8498296,437585
crop_cass_disturbance,-180,179.99999999991815,-89.99999999995909,89.99999999999999,crop_cass_disturbance_prop,0,0.5950543674779816,2274.991238557164,0,0.002731396701849383,593438,8498296,239466
crop_cass_ghg,-180,179.99999999991815,-89.99999999995909,89.99999999999999,crop_cass_ghg_tonnes_CO2eq,0,43839.89226150513,18124079.144610986,0,1.942309579112101,9093052,0,238148
crop_cass_nutrient,-180,179.99999999991815,-89.99999999995909,89.99999999999999,crop_cass_tonnes_po4eq,0,351.79183080095186,52234.190326642085,0,0.005597799889257804,9227853,0,103347
crop_cass_water,-180,179.99999999991815,-89.99999999995909,89.99999999999999,crop_cass_water_m3,0,260523936.65625,168392703743.4692,0,202175.40526095414,593481,8498296,239423
crop_chic_disturbance,-180,179.99999999991815,-89.99999999995909,89.99999999999999,crop_chic_disturbance_prop,0,1,1509.5977771971554,0,0.0018124511074471387,673840,8498296,159064
crop_chic_ghg,-180,179.99999999991815,-89.99999999995909,89.99999999999999,crop_chic_ghg_tonnes_CO2eq,0,3651.5286340471357,3480600.2172473017,0,0.37300671052461887,9172261,0,158939
crop_chic_nutrient,-180,179.99999999991815,-89.99999999995909,89.99999999999999,crop_chic_tonnes_po4eq,0,9.125896817136539,6110.340322751078,0,6.548289954937195e-4,9222257,0,108943
crop_chic_water,-180,179.99999999991815,-89.99999999995909,89.99999999999999,crop_chic_water_m3,0,64606241.0859375,35000561618.06196,0,42022.32384291818,673886,8498296,159018
crop_cnut_disturbance,-180,179.99999999991815,-89.99999999995909,89.99999999999999,crop_cnut_disturbance_prop,0,1,1380.1722621436033,0,0.0016570604321069435,743273,8498296,89631
crop_cnut_ghg,-180,179.99999999991815,-89.99999999995909,89.99999999999999,crop_cnut_ghg_tonnes_CO2eq,0,11750.887435913086,3492852.034973503,0,0.3743197053941143,9292041,0,39159
crop_cnut_nutrient,-180,179.99999999991815,-89.99999999995909,89.99999999999999,crop_cnut_tonnes_po4eq,0,87.1936950145205,22078.798798648753,0,0.002366126414464315,9293852,0,37348
crop_cnut_water,-180,179.99999999991815,-89.99999999995909,89.99999999999999,crop_cnut_water_m3,0,321034523.5546875,157598770176.92883,0,189216.0082997909,743273,8498296,89631
crop_coco_disturbance,-180,179.99999999991815,-89.99999999995909,89.99999999999999,crop_coco_disturbance_prop,0,1,1152.3478314640695,0,0.0013835301925120632,768569,8498296,64335
crop_coco_ghg,-180,179.99999999991815,-89.99999999995909,89.99999999999999,crop_coco_ghg_tonnes_CO2eq,0,1312.0142784118652,205711.17927050643,0,0.022045522469833042,9286451,0,44749
crop_coco_nutrient,-180,179.99999999991815,-89.99999999995909,89.99999999999999,crop_coco_tonnes_po4eq,0,10.315782265475743,757.4997841670106,0,8.117924641707421e-5,9288348,0,42852
crop_coco_water,-180,179.99999999991815,-89.99999999995909,89.99999999999999,crop_coco_water_m3,0,302678814.05078125,97494931352.68263,0,117054.22395940365,768569,8498296,64335
crop_cott_disturbance,-180,179.99999999991815,-89.99999999995909,89.99999999999999,crop_cott_disturbance_prop,0,1,4144.382392113451,0,0.004975822414243968,660782,8498296,172122
crop_cott_ghg,-180,179.99999999991815,-89.99999999995909,89.99999999999999,crop_cott_ghg_tonnes_CO2eq,0,16880.805938720703,28873780.29292308,0,3.0943265917483656,9159181,0,172019
crop_cott_nutrient,-180,179.99999999991815,-89.99999999995909,89.99999999999999,crop_cott_tonnes_po4eq,0,84.32603367008392,110599.92618803566,0,0.011852701280439444,9215527,0,115673
crop_cott_water,-180,179.99999999991815,-89.99999999995909,89.99999999999999,crop_cott_water_m3,0,247847765.52734375,278852952461.91406,0,334796.029868885,660782,8498296,172122
crop_cowp_disturbance,-180,179.99999999991815,-89.99999999995909,89.99999999999999,crop_cowp_disturbance_prop,0,0.31372412907362063,1066.1269349074346,0,0.001280011783960018,752542,8498296,80362
crop_cowp_ghg,-180,179.99999999991815,-89.99999999995909,89.99999999999999,crop_cowp_ghg_tonnes_CO2eq,0,1140.2923002243042,1480716.1749012,0,0.15868443232394722,9251098,0,80102
crop_cowp_nutrient,-180,179.99999999991815,-89.99999999995909,89.99999999999999,crop_cowp_tonnes_po4eq,0,3.2233225107317924,724.7886454109566,0,7.767368027809385e-5,9291038,0,40162
crop_cowp_water,-180,179.99999999991815,-89.99999999995909,89.99999999999999,crop_cowp_water_m3,0,41020586.00317383,54974550385.25378,0,66003.46544770304,752542,8498296,80362
crop_grou_disturbance,-180,179.99999999991815,-89.99999999995909,89.99999999999999,crop_grou_disturbance_prop,0,0.9814192255002402,3061.081052333236,0,0.0036751907210593724,572785,8498296,260119
crop_grou_ghg,-180,179.99999999991815,-89.99999999995909,89.99999999999999,crop_grou_ghg_tonnes_CO2eq,0,20134.721939086914,9117386.152218845,0,0.9770861359974148,9072355,0,258845
crop_grou_nutrient,-180,179.99999999991815,-89.99999999995909,89.99999999999999,crop_grou_tonnes_po4eq,0,125.90903954331844,41509.71578280306,0,0.004448486345036192,9200165,0,131035
crop_grou_water,-180,179.99999999991815,-89.99999999995909,89.99999999999999,crop_grou_water_m3,0,73149016.8203125,111071195828.3689,0,133354.13904647972,572785,8498296,260119
crop_lent_disturbance,-180,179.99999999991815,-89.99999999995909,89.99999999999999,crop_lent_disturbance_prop,0,0.9058706952026219,593.686126924305,0,7.1279058201702e-4,691205,8498296,141699
crop_lent_ghg,-180,179.99999999991815,-89.99999999995909,89.99999999999999,crop_lent_ghg_tonnes_CO2eq,0,16089.227798461914,2657655.709703766,0,0.28481392636572195,9189577,0,141623
crop_lent_nutrient,-180,179.99999999991815,-89.99999999995909,89.99999999999999,crop_lent_tonnes_po4eq,0,60.712403700916006,8053.058050190102,0,8.63024911071488e-4,9229671,0,101529
crop_lent_water,-180,179.99999999991815,-89.99999999995909,89.99999999999999,crop_lent_water_m3,0,72121819.7109375,23272375807.111813,0,27941.246298627288,691205,8498296,141699
crop_maiz_disturbance,-180,179.99999999991815,-89.99999999995909,89.99999999999999,crop_maiz_disturbance_prop,0,1,21254.882927530638,0.001229948946924387,0.025519006905394437,271028,8498296,561876
crop_maiz_ghg,-180,179.99999999991815,-89.99999999995909,89.99999999999999,crop_maiz_ghg_tonnes_CO2eq,0,119343.09382629395,321090135.4770584,0,34.410379745056886,8770594,0,560606
crop_maiz_nutrient,-180,179.99999999991815,-89.99999999995909,89.99999999999999,crop_maiz_tonnes_po4eq,0,672.3748108837679,1437632.4698867064,0,0.15406726572003085,8914617,0,416583
crop_maiz_water,-180,179.99999999991815,-89.99999999995909,89.99999999999999,crop_maiz_water_m3,0,274309295.875,1234835228079.5962,42383.54187250137,1482566.0917459833,271028,8498296,561876
crop_ocer_disturbance,-180,179.99999999991815,-89.99999999995909,89.99999999999999,crop_ocer_disturbance_prop,0,0.7208707644247667,4581.190848018634,0,0.005500262752992684,466545,8498296,366359
crop_ocer_ghg,-180,179.99999999991815,-89.99999999995909,89.99999999999999,crop_ocer_ghg_tonnes_CO2eq,0,36109.818769454956,28771532.084815264,0,3.0833689219839275,8966290,0,364910
crop_ocer_nutrient,-180,179.99999999991815,-89.99999999995909,89.99999999999999,crop_ocer_tonnes_po4eq,0,102.7031269008853,80672.6362884535,0,0.008645472853272374,9027360,0,303840
crop_ocer_water,-180,179.99999999991815,-89.99999999995909,89.99999999999999,crop_ocer_water_m3,0,351180718.75390625,181305547504.28625,0,217678.805125544,466545,8498296,366359
crop_ofib_disturbance,-180,179.99999999991815,-89.99999999995909,89.99999999999999,crop_ofib_disturbance_prop,0,0.722019898837116,406.1954982724617,0,4.876858536787696e-4,660905,8498296,171999
crop_ofib_ghg,-180,179.99999999991815,-89.99999999995909,89.99999999999999,crop_ofib_ghg_tonnes_CO2eq,0,2915.775682449341,1073440.810762098,0,0.11503780979531807,9161926,0,169274
crop_ofib_nutrient,-180,179.99999999991815,-89.99999999995909,89.99999999999999,crop_ofib_tonnes_po4eq,0,13.482638599712256,2609.267607782121,0,2.79628301588443e-4,9227742,0,103458
crop_ofib_water,-180,179.99999999991815,-89.99999999995909,89.99999999999999,crop_ofib_water_m3,0,114058536.75390625,29493831052.014534,0,35410.840927663456,660978,8498296,171926
crop_oilp_disturbance,-180,179.99999999991815,-89.99999999995909,89.99999999999999,crop_oilp_disturbance_prop,0,1,1832.2976752413479,0,0.00219989059392361,790640,8498296,42264
crop_oilp_ghg,-180,179.99999999991815,-89.99999999995909,89.99999999999999,crop_oilp_ghg_tonnes_CO2eq,0,20842.052734375,21230339.05556686,0,2.2751992300633477,9296756,0,34444
crop_oilp_nutrient,-180,179.99999999991815,-89.99999999995909,89.99999999999999,crop_oilp_tonnes_po4eq,0,168.08013018878785,138994.94243598578,0,0.014895719996998395,9298692,0,32508
crop_oilp_water,-180,179.99999999991815,-89.99999999995909,89.99999999999999,crop_oilp_water_m3,0,255608706,251057138429.36273,0,301423.85968774714,790640,8498296,42264
crop_ooil_disturbance,-180,179.99999999991815,-89.99999999995909,89.99999999999999,crop_ooil_disturbance_prop,0,1,2435.434519800108,0,0.002924027882925414,509813,8498296,323091
crop_ooil_ghg,-180,179.99999999991815,-89.99999999995909,89.99999999999999,crop_ooil_ghg_tonnes_CO2eq,0,12270.217910766602,8958828.941018648,0,0.9600939794473244,9009030,0,322170
crop_ooil_nutrient,-180,179.99999999991815,-89.99999999995909,89.99999999999999,crop_ooil_tonnes_po4eq,0,38.35442832860155,22566.876925138593,0,0.0024184324551118556,9099227,0,231973
crop_ooil_water,-180,179.99999999991815,-89.99999999995909,89.99999999999999,crop_ooil_water_m3,0,188077456.50195312,172904060506.17822,0,207591.8239150954,509813,8498296,323091
crop_opul_disturbance,-180,179.99999999991815,-89.99999999995909,89.99999999999999,crop_opul_disturbance_prop,0,0.8318964285528241,2141.5875099931477,0,0.0025712297095381313,458023,8498296,374881
crop_opul_ghg,-180,179.99999999991815,-89.99999999995909,89.99999999999999,crop_opul_ghg_tonnes_CO2eq,0,37990.17547607422,11343680.713294309,0,1.2156722300769949,8957535,0,373665
crop_opul_nutrient,-180,179.99999999991815,-89.99999999995909,89.99999999999999,crop_opul_tonnes_po4eq,0,155.9796458415069,34288.28940429369,0,0.003674585198505313,9069894,0,261306
crop_opul_water,-180,179.99999999991815,-89.99999999995909,89.99999999999999,crop_opul_water_m3,0,105244748.59375,58398792867.0356,0,70114.67452075571,458106,8498296,374798
crop_orts_disturbance,-180,179.99999999991815,-89.99999999995909,89.99999999999999,crop_orts_disturbance_prop,0,0.8774803832136856,279.5119243137953,0,3.355872037039039e-4,698738,8498296,134166
crop_orts_ghg,-180,179.99999999991815,-89.99999999995909,89.99999999999999,crop_orts_ghg_tonnes_CO2eq,0,18336.34765625,1686448.4461077573,0,0.18073221516072027,9198583,0,132617
crop_orts_nutrient,-180,179.99999999991815,-89.99999999995909,89.99999999999999,crop_orts_tonnes_po4eq,0,95.1345860227893,3981.479969027724,0,4.266846674626927e-4,9274183,0,57017
crop_orts_water,-180,179.99999999991815,-89.99999999995909,89.99999999999999,crop_orts_water_m3,0,99037396.6875,10106391448.263638,0,12133.921134084667,698952,8498296,133952
crop_pige_disturbance,-180,179.99999999991815,-89.99999999995909,89.99999999999999,crop_pige_disturbance_prop,0,0.40193223860576605,604.0693862956804,0,7.252569159178985e-4,790529,8498296,42375
crop_pige_ghg,-180,179.99999999991815,-89.99999999995909,89.99999999999999,crop_pige_ghg_tonnes_CO2eq,0,2942.338394165039,1164028.6631604277,0,0.12474587010892359,9289032,0,42168
crop_pige_nutrient,-180,179.99999999991815,-89.99999999995909,89.99999999999999,crop_pige_tonnes_po4eq,0,3.540881470892627,1044.3775551165497,0,1.1192317763165496e-4,9305155,0,26045
crop_pige_water,-180,179.99999999991815,-89.99999999995909,89.99999999999999,crop_pige_water_m3,0,22697502.26220703,18550711277.966953,0,22272.32823706814,790529,8498296,42375
crop_plnt_disturbance,-180,179.99999999991815,-89.99999999995909,89.99999999999999,crop_plnt_disturbance_prop,0,0.8864985629463353,473.0431825461227,0,5.679444240226017e-4,775354,8498296,57550
crop_plnt_ghg,-180,179.99999999991815,-89.99999999995909,89.99999999999999,crop_plnt_ghg_tonnes_CO2eq,0,8711.449394226074,964517.2441467408,0,0.10336475953218913,9305139,0,26061
crop_plnt_nutrient,-180,179.99999999991815,-89.99999999995909,89.99999999999999,crop_plnt_tonnes_po4eq,0,53.85176764768909,6233.0311858446285,0,6.679774504720375e-4,9306596,0,24604
crop_plnt_water,-180,179.99999999991815,-89.99999999995909,89.99999999999999,crop_plnt_water_m3,0,209819644.734375,54682151602.077866,0,65652.4060420865,775354,8498296,57550
crop_pmil_disturbance,-180,179.99999999991815,-89.99999999995909,89.99999999999999,crop_pmil_disturbance_prop,0,1,3273.616057962349,0,0.0039303641931871455,691528,8498296,141376
crop_pmil_ghg,-180,179.99999999991815,-89.99999999995909,89.99999999999999,crop_pmil_ghg_tonnes_CO2eq,0,4641.033447265625,4146133.3952927943,0,0.4443301392417837,9189938,0,141262
crop_pmil_nutrient,-180,179.99999999991815,-89.99999999995909,89.99999999999999,crop_pmil_tonnes_po4eq,0,19.094668806717387,11684.578131523418,0,0.0012522053038755228,9248243,0,82957
crop_pmil_water,-180,179.99999999991815,-89.99999999995909,89.99999999999999,crop_pmil_water_m3,0,36237524.295410156,101502648588.98985,0,121865.96365126097,691528,8498296,141376
crop_pota_disturbance,-180,179.99999999991815,-89.99999999995909,89.99999999999999,crop_pota_disturbance_prop,0,0.69899184837143,2869.822285145743,1.1782850120610346e-5,0.00344556189566354,414751,8498296,418153
crop_pota_ghg,-180,179.99999999991815,-89.99999999995909,89.99999999999999,crop_pota_ghg_tonnes_CO2eq,0,41691.46138000488,80757281.46866404,0,8.654544053140123,8913302,0,417898
crop_pota_nutrient,-180,179.99999999991815,-89.99999999995909,89.99999999999999,crop_pota_tonnes_po4eq,0,511.28780347212745,395794.5986822496,0,0.04241625928950583,8990319,0,340881
crop_pota_water,-180,179.99999999991815,-89.99999999995909,89.99999999999999,crop_pota_water_m3,0,68725016.015625,87908374961.26276,53.508106142282486,105544.42644201854,414754,8498296,418150
crop_rape_disturbance,-180,179.99999999991815,-89.99999999995909,89.99999999999999,crop_rape_disturbance_prop,0,1,5336.137593013338,0,0.006406665825849487,539054,8498296,293850
crop_rape_ghg,-180,179.99999999991815,-89.99999999995909,89.99999999999999,crop_rape_ghg_tonnes_CO2eq,0,14799.30078125,26089953.365397245,0,2.795991230002402,9037493,0,293707
crop_rape_nutrient,-180,179.99999999991815,-89.99999999995909,89.99999999999999,crop_rape_tonnes_po4eq,0,65.92817333664539,99445.63018752045,0,0.010657324908641765,9096412,0,234788
crop_rape_water,-180,179.99999999991815,-89.99999999995909,89.99999999999999,crop_rape_water_m3,0,87724135.99609375,161977616031.31058,0,194473.33189816607,539054,8498296,293850
crop_rcof_disturbance,-180,179.99999999991815,-89.99999999995909,89.99999999999999,crop_rcof_disturbance_prop,0,0.798494395687711,510.42970574724194,0,6.128313776224413e-4,757429,8498296,75475
crop_rest_disturbance,-180,179.99999999991815,-89.99999999995909,89.99999999999999,crop_rest_disturbance_prop,0,1,3393.8065549879234,0,0.004074667134493193,420508,8498296,412396
crop_rest_ghg,-180,179.99999999991815,-89.99999999995909,89.99999999999999,crop_rest_ghg_tonnes_CO2eq,0,10412.077606201172,13432244.862894043,0,1.4394981205947974,8919810,0,411390
crop_rest_nutrient,-180,179.99999999991815,-89.99999999995909,89.99999999999999,crop_rest_tonnes_po4eq,0,35.65680652255262,41319.68437433325,0,0.004428121182091494,8991351,0,339849
crop_rest_water,-180,179.99999999991815,-89.99999999995909,89.99999999999999,crop_rest_water_m3,0,470542763.84765625,502468485614.8418,0,603272.988981733,420549,8498296,412355
crop_rice_disturbance,-180,179.99999999991815,-89.99999999995909,89.99999999999999,crop_rice_disturbance_prop,0,1,14517.537610823865,0,0.017430025081910844,523972,8498296,308932
crop_rice_ghg,-180,179.99999999991815,-89.99999999995909,89.99999999999999,crop_rice_ghg_tonnes_CO2eq,0,160741.4242553711,452849736.08820325,0,48.53070731397846,9023039,0,308161
crop_rice_nutrient,-180,179.99999999991815,-89.99999999995909,89.99999999999999,crop_rice_tonnes_po4eq,0,509.11644009705924,1394981.6568026843,0,0.14949649099823673,9129981,0,201219
crop_rice_water,-180,179.99999999991815,-89.99999999995909,89.99999999999999,crop_rice_water_m3,0,457482680.25,1176842755844.3857,0,1412939.2533165698,523972,8498296,308932
crop_sesa_disturbance,-180,179.99999999991815,-89.99999999995909,89.99999999999999,crop_sesa_disturbance_prop,0,0.7524996948784908,998.5596788261089,0,0.0011988892823495976,668671,8498296,164233
crop_sesa_ghg,-180,179.99999999991815,-89.99999999995909,89.99999999999999,crop_sesa_ghg_tonnes_CO2eq,0,4267.637228442356,1046615.3054650587,0,0.11216299141214671,9167384,0,163816
crop_sesa_nutrient,-180,179.99999999991815,-89.99999999995909,89.99999999999999,crop_sesa_tonnes_po4eq,0,10.654119203459228,1898.0442526219726,0,2.0340837755293035e-4,9249710,0,81490
crop_sesa_water,-180,179.99999999991815,-89.99999999995909,89.99999999999999,crop_sesa_water_m3,0,267712895.5908203,52523961875.2762,0,63061.24340293276,668671,8498296,164233
crop_smil_disturbance,-180,179.99999999991815,-89.99999999995909,89.99999999999999,crop_smil_disturbance_prop,0,1,550.4613051833174,0,6.608940588390943e-4,691765,8498296,141139
crop_smil_ghg,-180,179.99999999991815,-89.99999999995909,89.99999999999999,crop_smil_ghg_tonnes_CO2eq,0,3926.083224117756,1330043.7953282243,0,0.1425372723045557,9190182,0,141018
crop_smil_nutrient,-180,179.99999999991815,-89.99999999995909,89.99999999999999,crop_smil_tonnes_po4eq,0,20.312929734009323,3356.8527128000046,0,3.5974501808984594e-4,9284770,0,46430
crop_smil_water,-180,179.99999999991815,-89.99999999995909,89.99999999999999,crop_smil_water_m3,0,67122526.4375,24728862589.49143,0,29689.93136002643,691765,8498296,141139
crop_sorg_disturbance,-180,179.99999999991815,-89.99999999995909,89.99999999999999,crop_sorg_disturbance_prop,0,0.8688000181437157,4849.433791517174,0,0.005822320209192388,491448,8498296,341456
crop_sorg_ghg,-180,179.99999999991815,-89.99999999995909,89.99999999999999,crop_sorg_ghg_tonnes_CO2eq,0,20803.967178344727,14039604.79814247,0,1.5045872768928457,8990091,0,341109
crop_sorg_nutrient,-180,179.99999999991815,-89.99999999995909,89.99999999999999,crop_sorg_tonnes_po4eq,0,82.50537937374197,42091.144990081324,0,0.0045107965738682655,9107488,0,223712
crop_sorg_water,-180,179.99999999991815,-89.99999999995909,89.99999999999999,crop_sorg_water_m3,0,235900460.625,178494256043.89893,0,214303.51642434078,491448,8498296,341456
crop_soyb_disturbance,-180,179.99999999991815,-89.99999999995909,89.99999999999999,crop_soyb_disturbance_prop,0,1,13873.48678641788,0,0.016656765709394932,488185,8498296,344719
crop_soyb_ghg,-180,179.99999999991815,-89.99999999995909,89.99999999999999,crop_soyb_ghg_tonnes_CO2eq,0,28084.619079589844,113886194.13742243,0,12.204881916304743,8986824,0,344376
crop_soyb_nutrient,-180,179.99999999991815,-89.99999999995909,89.99999999999999,crop_soyb_tonnes_po4eq,0,111.32505291934618,357625.02455740137,0,0.03832572708305438,9103426,0,227774
crop_soyb_water,-180,179.99999999991815,-89.99999999995909,89.99999999999999,crop_soyb_water_m3,0,84991077.05859375,680664612339.1075,0,817218.5658120346,488185,8498296,344719
crop_sugb_disturbance,-180,179.99999999991815,-89.99999999995909,89.99999999999999,crop_sugb_disturbance_prop,0,0.6548547909766452,819.7033086246746,0,9.841510049473545e-4,710116,8498296,122788
crop_sugb_ghg,-180,179.99999999991815,-89.99999999995909,89.99999999999999,crop_sugb_ghg_tonnes_CO2eq,0,41909.02654647827,60345882.222038366,0,6.4671084342890515,9208443,0,122757
crop_sugb_nutrient,-180,179.99999999991815,-89.99999999995909,89.99999999999999,crop_sugb_tonnes_po4eq,0,329.05501582542985,314304.4114804926,0,0.03368317166929066,9228159,0,103041
crop_sugb_water,-180,179.99999999991815,-89.99999999995909,89.99999999999999,crop_sugb_water_m3,0,43329473.6875,39722100866.47069,0,47691.09149010043,710116,8498296,122788
crop_sugc_disturbance,-180,179.99999999991815,-89.99999999995909,89.99999999999999,crop_sugc_disturbance_prop,0,1,3036.740133922439,0,0.003645966562680023,678593,8498296,154311
crop_sugc_ghg,-180,179.99999999991815,-89.99999999995909,89.99999999999999,crop_sugc_ghg_tonnes_CO2eq,0,238668.03776550293,331428491.8223427,0,35.51831402417018,9177122,0,154078
crop_sugc_nutrient,-180,179.99999999991815,-89.99999999995909,89.99999999999999,crop_sugc_tonnes_po4eq,0,2459.286004980895,2184193.750900647,0,0.23407426171345566,9224604,0,106596
crop_sugc_water,-180,179.99999999991815,-89.99999999995909,89.99999999999999,crop_sugc_water_m3,0,235034209.6875,358155442928.9346,0,430008.07167324866,678593,8498296,154311
crop_sunf_disturbance,-180,179.99999999991815,-89.99999999995909,89.99999999999999,crop_sunf_disturbance_prop,0,1,3942.3660276772034,0,0.0047332778179444545,555447,8498296,277457
crop_sunf_ghg,-180,179.99999999991815,-89.99999999995909,89.99999999999999,crop_sunf_ghg_tonnes_CO2eq,0,4951.30265045166,13887107.66739783,0,1.4882445631212813,9054931,0,276269
crop_sunf_nutrient,-180,179.99999999991815,-89.99999999995909,89.99999999999999,crop_sunf_tonnes_po4eq,0,23.96704906800116,31338.479643140825,0,0.0033584618959127434,9118791,0,212409
crop_sunf_water,-180,179.99999999991815,-89.99999999995909,89.99999999999999,crop_sunf_water_m3,0,100961523.3515625,183294464835.1962,0,220066.73618471844,556509,8498296,276395
crop_swpo_disturbance,-180,179.99999999991815,-89.99999999995909,89.99999999999999,crop_swpo_disturbance_prop,0,1,988.8823136944889,0,0.0011872704581734382,598790,8498296,234114
crop_swpo_ghg,-180,179.99999999991815,-89.99999999995909,89.99999999999999,crop_swpo_ghg_tonnes_CO2eq,0,54720.46839141846,17037561.60530372,0,1.8258703709387205,9098399,0,232801
crop_swpo_nutrient,-180,179.99999999991815,-89.99999999995909,89.99999999999999,crop_swpo_tonnes_po4eq,0,278.0310648220012,66565.28746239991,0,0.007133625628257922,9238396,0,92804
crop_swpo_water,-180,179.99999999991815,-89.99999999995909,89.99999999999999,crop_swpo_water_m3,0,102573269.5625,43529089430.68535,0,52261.832612984515,598790,8498296,234114
crop_teas_disturbance,-180,179.99999999991815,-89.99999999995909,89.99999999999999,crop_teas_disturbance_prop,0,0.5716556872511682,413.1438282660247,0,4.960281476208844e-4,787065,8498296,45839
crop_temf_disturbance,-180,179.99999999991815,-89.99999999995909,89.99999999999999,crop_temf_disturbance_prop,0,1,3572.1910857712937,2.815161420578614e-5,0.004288838912733394,380247,8498296,452657
crop_temf_ghg,-180,179.99999999991815,-89.99999999995909,89.99999999999999,crop_temf_ghg_tonnes_CO2eq,0,44856.18372344971,39883964.487094395,0,4.274258882790525,8965020,0,366180
crop_temf_nutrient,-180,179.99999999991815,-89.99999999995909,89.99999999999999,crop_temf_tonnes_po4eq,0,518.7834972280978,282667.03412118414,0,0.03029267769645685,8974265,0,356935
crop_temf_water,-180,179.99999999991815,-89.99999999995909,89.99999999999999,crop_temf_water_m3,0,369067873.89261365,298975596299.37244,1080.886694908142,358955.64950987406,380247,8498296,452657
crop_toba_disturbance,-180,179.99999999991815,-89.99999999995909,89.99999999999999,crop_toba_disturbance_prop,0,0.5576962469526374,528.8518089894687,0,6.349492966650053e-4,663077,8498296,169827
crop_trof_disturbance,-180,179.99999999991815,-89.99999999995909,89.99999999999999,crop_trof_disturbance_prop,0,1,3348.136022593767,1.2149575790986313e-5,0.0040198342457159145,409129,8498296,423775
crop_trof_ghg,-180,179.99999999991815,-89.99999999995909,89.99999999999999,crop_trof_ghg_tonnes_CO2eq,0,91122.94667053223,41666606.00237817,0,4.4652998545072204,9142147,0,189053
crop_trof_nutrient,-180,179.99999999991815,-89.99999999995909,89.99999999999999,crop_trof_tonnes_po4eq,0,663.9580404313933,292022.76972621237,0,0.03129530711229065,9147736,0,183464
crop_trof_water,-180,179.99999999991815,-89.99999999995909,89.99999999999999,crop_trof_water_m3,0,830797537.04296875,385539171533.8996,383.87160624776567,462885.48444226437,409134,8498296,423770
crop_vege_disturbance,-180,179.99999999991815,-89.99999999995909,89.99999999999999,crop_vege_disturbance_prop,0,0.9508462850353092,6682.488260975908,3.1012871587393344e-4,0.008023119424298487,302042,8498296,530862
crop_vege_ghg,-180,179.99999999991815,-89.99999999995909,89.99999999999999,crop_vege_ghg_tonnes_CO2eq,0,99435.59722137451,226411702.93103695,0,24.263942786677156,8801630,0,529570
crop_vege_nutrient,-180,179.99999999991815,-89.99999999995909,89.99999999999999,crop_vege_tonnes_po4eq,0,735.9239275339451,1561066.8468961853,0,0.1672954011162736,8878011,0,453189
crop_vege_water,-180,179.99999999991815,-89.99999999995909,89.99999999999999,crop_vege_water_m3,0,144308312.6041667,430492880531.57825,8742.719079844157,516857.74174644204,302042,8498296,530862
crop_whea_disturbance,-180,179.99999999991815,-89.99999999995909,89.99999999999999,crop_whea_disturbance_prop,0,1,31783.603940647925,1.9880952459723814e-4,0.03815998475292224,370187,8498296,462717
crop_whea_ghg,-180,179.99999999991815,-89.99999999995909,89.99999999999999,crop_whea_ghg_tonnes_CO2eq,0,32034.82088470459,279890796.4976082,0,29.995155660322816,8868646,0,462554
crop_whea_nutrient,-180,179.99999999991815,-89.99999999995909,89.99999999999999,crop_whea_tonnes_po4eq,0,173.96589438092758,1150958.811211413,0,0.12334520867748573,8923206,0,407994
crop_whea_water,-180,179.99999999991815,-89.99999999995909,89.99999999999999,crop_whea_water_m3,0,174214829.25,1407682335158.808,4309.044965863228,1690089.5363196828,370187,8498296,462717
crop_yams_disturbance,-180,179.99999999991815,-89.99999999995909,89.99999999999999,crop_yams_disturbance_prop,0,0.366552398079282,593.5621241744246,0,7.126417020141889e-4,730650,8498296,102254
crop_yams_ghg,-180,179.99999999991815,-89.99999999995909,89.99999999999999,crop_yams_ghg_tonnes_CO2eq,0,7122.304883956909,4299352.990054392,0,0.4607502775692947,9229334,0,101866
crop_yams_nutrient,-180,179.99999999991815,-89.99999999995909,89.99999999999999,crop_yams_tonnes_po4eq,0,26.009110033859855,6195.470976925183,0,6.639522223213842e-4,9312530,0,18670
crop_yams_water,-180,179.99999999991815,-89.99999999995909,89.99999999999999,crop_yams_water_m3,0,39923321.015625,23626373954.217304,0,28366.26304378101,730653,8498296,102251
marinefisheries_feedfish_disturbance,-180,179.99999999991815,-89.99999999995909,89.99999999999999,marinefisheries_feedfish_disturbance_prop,0,1,28512.381329224143,2.3831814638892288e-7,0.004514093343720904,2787259,3014897,3529044
marinefisheries_feedfish_ghg,-180,179.99999999991815,-89.99999999995909,89.99999999999999,marinefisheries_feedfish_ghg_CO2eq,0,1564.106982421875,7845531.648602155,5.072743690107017e-4,1.5751612495637566,1386288,4350420,3594492
marinefisheries_feedfish_nutrient,-180,179.99999999991815,-89.99999999995909,89.99999999999999,marinefisheries_feedfish_nutrient_tonnes_PO4.eq,0,0,0,0,0,4980780,4350420,0
marinefisheries_feedfish_water,-180,179.99999999991815,-89.99999999995909,89.99999999999999,marinefisheries_feedfish_water_m3,0,0,0,0,0,4980780,4350420,0
salmon_acof_consumption,-180,179.99999999991815,-89.99999999995909,89.99999999999999,salmon_acof_prop,0,0,0,0,0,2215268,7115932,0
salmon_bana_consumption,-180,179.99999999991815,-89.99999999995909,89.99999999999999,salmon_bana_prop,0,0,0,0,0,2215268,7115932,0
salmon_barl_consumption,-180,179.99999999991815,-89.99999999995909,89.99999999999999,salmon_barl_prop,0,0,0,0,0,2215268,7115932,0
salmon_bean_consumption,-180,179.99999999991815,-89.99999999995909,89.99999999999999,salmon_bean_prop,0,0,0,0,0,2215268,7115932,0
salmon_cass_consumption,-180,179.99999999991815,-89.99999999995909,89.99999999999999,salmon_cass_prop,0,0,0,0,0,2215268,7115932,0
salmon_chic_consumption,-180,179.99999999991815,-89.99999999995909,89.99999999999999,salmon_chic_prop,0,0,0,0,0,2215268,7115932,0
salmon_cnut_consumption,-180,179.99999999991815,-89.99999999995909,89.99999999999999,salmon_cnut_prop,0,0,0,0,0,2215268,7115932,0
salmon_coco_consumption,-180,179.99999999991815,-89.99999999995909,89.99999999999999,salmon_coco_prop,0,0,0,0,0,2215268,7115932,0
salmon_cott_consumption,-180,179.99999999991815,-89.99999999995909,89.99999999999999,salmon_cott_prop,0,0,0,0,0,2215268,7115932,0
salmon_cowp_consumption,-180,179.99999999991815,-89.99999999995909,89.99999999999999,salmon_cowp_prop,0,0,0,0,0,2215268,7115932,0
salmon_disturbance,-179.99999999999997,179.9999999996726,-89.99999999995909,89.99999999999999,salmon_disturbance_prop,0,0.010392411695528273,1.392195959180104,0,1.4919795515904725e-7,9329532,0,1668
salmon_feedfish_consumption,-180,179.99999999991815,-89.99999999995909,89.99999999999999,salmon_feedfish_prop,0,1.0108855824740317,779671.5292458804,0.03557126120868519,0.21690729294873415,199440,5736708,3395052
salmon_ghg,-179.99999999999997,179.9999999996726,-89.99999999995909,89.99999999999999,salmon_ghg_CO2eq,0,12006.072,2146252.8732334026,0,0.2300082383009001,9329532,0,1668
salmon_grou_consumption,-180,179.99999999991815,-89.99999999995909,89.99999999999999,salmon_grou_prop,0,0,0,0,0,2215268,7115932,0
salmon_lent_consumption,-180,179.99999999991815,-89.99999999995909,89.99999999999999,salmon_lent_prop,0,0,0,0,0,2215268,7115932,0
salmon_maiz_consumption,-180,179.99999999991815,-89.99999999995909,89.99999999999999,salmon_maiz_prop,0,0.31915776159658493,2276.8765094252794,5.1645286799048355e-5,0.0010278108605483772,144559,7115932,2070709
salmon_nutrient,-180,179.99999999991815,-89.99999999995909,89.99999999999999,salmon_nutrient_tonnes_p04eq,0,423.83879291000005,76015.13440245198,0,0.008146340706709769,9329532,0,1668
salmon_ocer_consumption,-180,179.99999999991815,-89.99999999995909,89.99999999999999,salmon_ocer_prop,0,0,0,0,0,2215268,7115932,0
salmon_ofib_consumption,-180,179.99999999991815,-89.99999999995909,89.99999999999999,salmon_ofib_prop,0,0,0,0,0,2215268,7115932,0
salmon_oilp_consumption,-180,179.99999999991815,-89.99999999995909,89.99999999999999,salmon_oilp_prop,0,0,0,0,0,2215268,7115932,0
salmon_ooil_consumption,-180,179.99999999991815,-89.99999999995909,89.99999999999999,salmon_ooil_prop,0,1,4404.186374466377,2.8230220583276154e-4,0.00198810544569162,228832,7115932,1986436
salmon_opul_consumption,-180,179.99999999991815,-89.99999999995909,89.99999999999999,salmon_opul_prop,0,1,33346.38603898115,5.980741565720968e-4,0.0150529805147644,126364,7115932,2088904
salmon_orts_consumption,-180,179.99999999991815,-89.99999999995909,89.99999999999999,salmon_orts_prop,0,0,0,0,0,2215268,7115932,0
salmon_pige_consumption,-180,179.99999999991815,-89.99999999995909,89.99999999999999,salmon_pige_prop,0,0,0,0,0,2215268,7115932,0
salmon_plnt_consumption,-180,179.99999999991815,-89.99999999995909,89.99999999999999,salmon_plnt_prop,0,0,0,0,0,2215268,7115932,0
salmon_pmil_consumption,-180,179.99999999991815,-89.99999999995909,89.99999999999999,salmon_pmil_prop,0,0,0,0,0,2215268,7115932,0
salmon_pota_consumption,-180,179.99999999991815,-89.99999999995909,89.99999999999999,salmon_pota_prop,0,0,0,0,0,2215268,7115932,0
salmon_rape_consumption,-180,179.99999999991815,-89.99999999995909,89.99999999999999,salmon_rape_prop,0,1,54551.80520107706,4.2380867426729826e-4,0.02462537498897508,551910,7115932,1663358
salmon_rcof_consumption,-180,179.99999999991815,-89.99999999995909,89.99999999999999,salmon_rcof_prop,0,0,0,0,0,2215268,7115932,0
salmon_rest_consumption,-180,179.99999999991815,-89.99999999995909,89.99999999999999,salmon_rest_prop,0,0,0,0,0,2215268,7115932,0
salmon_rice_consumption,-180,179.99999999991815,-89.99999999995909,89.99999999999999,salmon_rice_prop,0,0,0,0,0,2215268,7115932,0
salmon_sesa_consumption,-180,179.99999999991815,-89.99999999995909,89.99999999999999,salmon_sesa_prop,0,0,0,0,0,2215268,7115932,0
salmon_smil_consumption,-180,179.99999999991815,-89.99999999995909,89.99999999999999,salmon_smil_prop,0,0,0,0,0,2215268,7115932,0
salmon_sorg_consumption,-180,179.99999999991815,-89.99999999995909,89.99999999999999,salmon_sorg_prop,0,0,0,0,0,2215268,7115932,0
salmon_soyb_consumption,-180,179.99999999991815,-89.99999999995909,89.99999999999999,salmon_soyb_prop,0,1,38485.01045566335,6.567730861271296e-4,0.017372620583903743,349426,7115932,1865842
salmon_sugb_consumption,-180,179.99999999991815,-89.99999999995909,89.99999999999999,salmon_sugb_prop,0,0,0,0,0,2215268,7115932,0
salmon_sugc_consumption,-180,179.99999999991815,-89.99999999995909,89.99999999999999,salmon_sugc_prop,0,0,0,0,0,2215268,7115932,0
salmon_sunf_consumption,-180,179.99999999991815,-89.99999999995909,89.99999999999999,salmon_sunf_prop,0,1,36529.9013717276,2.459341285081643e-4,0.01649005960982034,427129,7115932,1788139
salmon_swpo_consumption,-180,179.99999999991815,-89.99999999995909,89.99999999999999,salmon_swpo_prop,0,0,0,0,0,2215268,7115932,0
salmon_teas_consumption,-180,179.99999999991815,-89.99999999995909,89.99999999999999,salmon_teas_prop,0,0,0,0,0,2215268,7115932,0
salmon_temf_consumption,-180,179.99999999991815,-89.99999999995909,89.99999999999999,salmon_temf_prop,0,0,0,0,0,2215268,7115932,0
salmon_toba_consumption,-180,179.99999999991815,-89.99999999995909,89.99999999999999,salmon_toba_prop,0,0,0,0,0,2215268,7115932,0
salmon_trof_consumption,-180,179.99999999991815,-89.99999999995909,89.99999999999999,salmon_trof_prop,0,0,0,0,0,2215268,7115932,0
salmon_vege_consumption,-180,179.99999999991815,-89.99999999995909,89.99999999999999,salmon_vege_prop,0,0,0,0,0,2215268,7115932,0
salmon_water,-179.99999999999997,179.9999999996726,-89.99999999995909,89.99999999999999,salmon_water_m3,0,0,0,0,0,1668,9329532,0
salmon_whea_consumption,-180,179.99999999991815,-89.99999999995909,89.99999999999999,salmon_whea_prop,0,0.6010615702430853,6170.578048193402,1.3241217936833243e-4,0.0027854769933901564,190423,7115932,2024845
salmon_yams_consumption,-180,179.99999999991815,-89.99999999995909,89.99999999999999,salmon_yams_prop,0,0,0,0,0,2215268,7115932,0
